ruby_decisions	prev	base	reading	decision
ruby_decisions	樛木乃	弥継嗣尓	つがのきのいやつぎつぎに	つがのきの|いやつぎつぎに
ruby_decisions	多伎木許流	可麻久良夜麻能	たきぎこるかまくらやまの	たきぎこる|かまくらやまの
ruby_decisions	縁	四竜	えにししりゅう	えにし|しりゅう
ruby_decisions	土遁	土呂怨	ドローン	B
ruby_decisions	水遁	水細鱗	すいさいりん	B
ruby_decisions	水遁	水牙弾	すいがだん	B
ruby_decisions	水遁	水散弾	すいさんだん	B
ruby_decisions	土遁	土石筍	どせきだけ	B
ruby_decisions	三枝夕夏	IN db	さえぐさゆうかインデシベル	さえぐさゆうか|インデシベル
ruby_decisions	大阪代表	大金	おおがね	B
ruby_decisions	今	一向聴	イーシャンテン	B
ruby_decisions	中村	元	ナカムラハジメ	ナカムラ|ハジメ
ruby_decisions	小林	隆	コバヤシタカシ	コバヤシ|タカシ
gloss_names	prev	base	reading	decision
gloss_names	中村	元	ナカムラ・ハジメ	ナカムラ|ハジメ
gloss_names	井上	優	いのうえまさる	いのうえ|まさる
gloss_names	井上	優	いのうえ・まさる	いのうえ|まさる
gloss_names	前田	慶一	まえだ・けいいち	まえだ|けいいち
gloss_names	加藤	祥	かとう・さち	かとう|さち
gloss_names	夢枕	獏	ゆめまくら・ばく	ゆめまくら|ばく
gloss_names	大島	一	おおしまはじめ	おおしま|はじめ
gloss_names	大角	修	おおかど・おさむ	おおかど|おさむ
gloss_names	太田	昌孝	おおたまさたか	おおた|まさたか
gloss_names	宇佐美	洋	うさみよう	うさみ|よう
gloss_names	宇佐美	洋	うさみ・よう	うさみ|よう
gloss_names	小林	隆	こばやし・たかし	こばやし|たかし
gloss_names	山内	和朗	やまうちかずお	やまうち|かずお
gloss_names	山崎	誠	やまざきまこと	やまざき|まこと
gloss_names	松本	曜	まつもと・よう	まつもと|よう
gloss_names	森	浩一	もり・こういち	もり|こういち
gloss_names	江添	亮	えぞえりょう	えぞえ|りょう
gloss_names	泉	大輔	いずみ・だいすけ	いずみ|だいすけ
gloss_names	湯浅	誠	ユアサ・マコト	ユアサ|マコト
gloss_names	矢田	勉	やだ・つとむ	やだ|つとむ
gloss_names	立松	直文	たてまつなおふみ	たてまつ|なおふみ
gloss_names	米田	穣	よねだ・みのる	よねだ|みのる
gloss_names	荒木	浩	あらき・ひろし	あらき|ひろし
gloss_names	近藤	譲	コンドウジョウ	コンドウ|ジョウ
gloss_names	遠藤	美代子	えんどうみよこ	えんどう|みよこ
ruby_dict_merge	base	reading
ruby_dict_merge	一世一元	いっせいいちげん
ruby_dict_merge	一乗止観院	いちじょうしかんいん
ruby_dict_merge	一事	ひとこと
ruby_dict_merge	一人	いちじん
ruby_dict_merge	一人	いちにん
ruby_dict_merge	一位	いちい
ruby_dict_merge	一処	ひとところ
ruby_dict_merge	一刀	ひとかたな
ruby_dict_merge	一向	いつかう
ruby_dict_merge	一向一揆	いっこういっき
ruby_dict_merge	一向宗	いっこうしゅう
ruby_dict_merge	一品	いつぽん
ruby_dict_merge	一塊	ひとかたまり
ruby_dict_merge	一天	いつてん
ruby_dict_merge	一夫一婦制	いっぷいっぷせい
ruby_dict_merge	一定	いちぢやう
ruby_dict_merge	一帯一路	いったいいちろ
ruby_dict_merge	一度	ひとたび
ruby_dict_merge	一弾指	いちだんし
ruby_dict_merge	一所	いつしよ
ruby_dict_merge	一所	ひとつところ
ruby_dict_merge	一所	ひとところ
ruby_dict_merge	一方	いちかた
ruby_dict_merge	一方	ひとかた
ruby_dict_merge	一族郎等	いちぞくろうどう
ruby_dict_merge	一日	いちじつ
ruby_dict_merge	一日	いちにち
ruby_dict_merge	一日千秋	いちじつせんしゅう
ruby_dict_merge	一旦	いつたん
ruby_dict_merge	一期	いちご
ruby_dict_merge	一木	いちぼく
ruby_dict_merge	一本	ひともと
ruby_dict_merge	一本薄	ひともとすすき
ruby_dict_merge	一束	ひとたば
ruby_dict_merge	一枚	いちまい
ruby_dict_merge	一株	ひとかぶ
ruby_dict_merge	一毛	いちもう
ruby_dict_merge	一滴	ひとしずく
ruby_dict_merge	一生懸命	いっしょうけんめい
ruby_dict_merge	一眼	いちがん
ruby_dict_merge	一簞	いったん
ruby_dict_merge	一粒	ひとつぶ
ruby_dict_merge	一羽	いちわ
ruby_dict_merge	一脚	いっきゃく
ruby_dict_merge	一色	いつしき
ruby_dict_merge	一芝居	ひとしばい
ruby_dict_merge	一見	いちげん
ruby_dict_merge	一角	ひとかど
ruby_dict_merge	一言	いちごん
ruby_dict_merge	一話一言	いちわいちげん
ruby_dict_merge	一諾千金	いちだくせんきん
ruby_dict_merge	一谷	いちのたに
ruby_dict_merge	一身	いつしん
ruby_dict_merge	一軒	いっけん
ruby_dict_merge	一途	いちず
ruby_dict_merge	一重	ひとえ
ruby_dict_merge	一重	ひとへ
ruby_dict_merge	一間	ひとま
ruby_dict_merge	一面	いちめん
ruby_dict_merge	丁卯胡乱	ていぼうこらん
ruby_dict_merge	七人	しちにん
ruby_dict_merge	七出	しちしゅつ
ruby_dict_merge	七十	しちじゅう
ruby_dict_merge	七宝	しつぽう
ruby_dict_merge	七度	ななたび
ruby_dict_merge	七日	なぬか
ruby_dict_merge	七枝刀	ななさやのたち
ruby_dict_merge	七海建人	ななみけんと
ruby_dict_merge	七重八重	ななへやへ
ruby_dict_merge	万世	ばんせい
ruby_dict_merge	万乗	ばんじよう
ruby_dict_merge	万国津梁館	ばんこくしんりょうかん
ruby_dict_merge	万年	まんねん
ruby_dict_merge	万機	ばんき
ruby_dict_merge	万葉集	まんようしゅう
ruby_dict_merge	万軍	ばんぐん
ruby_dict_merge	万里小路藤房	までのこうじふじふさ
ruby_dict_merge	万雑公事	まんぞうくじ
ruby_dict_merge	丈夫	ますらを
ruby_dict_merge	三七日	みなぬか
ruby_dict_merge	三七日	みなのか
ruby_dict_merge	三世	さんぜ
ruby_dict_merge	三位	さんみ
ruby_dict_merge	三内	さんない
ruby_dict_merge	三分	さんぶ
ruby_dict_merge	三叉路	さんさろ
ruby_dict_merge	三句	さんく
ruby_dict_merge	三合	さんごう
ruby_dict_merge	三吉慎蔵	みよししんぞう
ruby_dict_merge	三善為康	みよしのためやす
ruby_dict_merge	三四郎池	さんしろういけ
ruby_dict_merge	三圭	さんけい
ruby_dict_merge	三埼	みさき
ruby_dict_merge	三好義継	みよしよしつぐ
ruby_dict_merge	三姉妹	さんしまい
ruby_dict_merge	三子	さんし
ruby_dict_merge	三字経	さんじきょう
ruby_dict_merge	三宅雪嶺	みやけせつれい
ruby_dict_merge	三宝	さんぼう
ruby_dict_merge	三宝	さんぽう
ruby_dict_merge	三島栄次	みしまえいじ
ruby_dict_merge	三川	みかわ
ruby_dict_merge	三年	さんねん
ruby_dict_merge	三年	みとせ
ruby_dict_merge	三度	みたび
ruby_dict_merge	三教指帰	さんごうしいき
ruby_dict_merge	三方五湖	みかたごこ
ruby_dict_merge	三日三晩	みっかみばん
ruby_dict_merge	三昧	ざんまい
ruby_dict_merge	三時	さんじ
ruby_dict_merge	三月	さんがつ
ruby_dict_merge	三木武夫	みきたけお
ruby_dict_merge	三条西家	さんじょうにしけ
ruby_dict_merge	三橋鷹女	みつはしたかじょ
ruby_dict_merge	三池苗子	みいけなえこ
ruby_dict_merge	三河国	みかわのくに
ruby_dict_merge	三浦按針	みうらあんじん
ruby_dict_merge	三浦梅園	みうらばいえん
ruby_dict_merge	三浦綾子	みうらあやこ
ruby_dict_merge	三瓶山	さんべさん
ruby_dict_merge	三田	さんでん
ruby_dict_merge	三界	さんかい
ruby_dict_merge	三百	さんびゃく
ruby_dict_merge	三社	さんじや
ruby_dict_merge	三神一体	さんしんいったい
ruby_dict_merge	三経義疏	さんぎょうぎしょ
ruby_dict_merge	三者	さんしゃ
ruby_dict_merge	三船	さんせん
ruby_dict_merge	三衣	さんね
ruby_dict_merge	三角縁神獣鏡	さんかくぶちしんじゅうきょう
ruby_dict_merge	三論	さんろん
ruby_dict_merge	三足	みつあし
ruby_dict_merge	三身	みつみ
ruby_dict_merge	三軍	さんぐん
ruby_dict_merge	三輪	みわ
ruby_dict_merge	三郎	さぶらう
ruby_dict_merge	三隅	さんぐう
ruby_dict_merge	上下	しょうか
ruby_dict_merge	上下	じょうか
ruby_dict_merge	上京区	かみぎょうく
ruby_dict_merge	上原由衣	うえはらゆい
ruby_dict_merge	上司	かみつかさ
ruby_dict_merge	上喜撰	じょうきせん
ruby_dict_merge	上地	うえち
ruby_dict_merge	上山草人	かみやまそうじん
ruby_dict_merge	上手	うわて
ruby_dict_merge	上手	かみて
ruby_dict_merge	上杉憲実	うえすぎのりざね
ruby_dict_merge	上杉景勝	うえすぎかげかつ
ruby_dict_merge	上杉謙信	うえすぎけんしん
ruby_dict_merge	上村占魚	うえむらせんぎょ
ruby_dict_merge	上村清延	かみむらきよのぶ
ruby_dict_merge	上東門院	じょうとうもんいん
ruby_dict_merge	上沼恵美子	かみぬまえみこ
ruby_dict_merge	上田五千石	うえだごせんごく
ruby_dict_merge	上田合戦	うえだかっせん
ruby_dict_merge	上石弥生	かみいしやよい
ruby_dict_merge	上米	あげまい
ruby_dict_merge	上衣	じょうえ
ruby_dict_merge	上辺	うはべ
ruby_dict_merge	上高野	かみたかの
ruby_dict_merge	上鳴電気	かみなりでんき
ruby_dict_merge	下司	げし
ruby_dict_merge	下役人	したやくにん
ruby_dict_merge	下智	げち
ruby_dict_merge	下知	げぢ
ruby_dict_merge	下知状	げちじょう
ruby_dict_merge	下総	しもふさ
ruby_dict_merge	下野	しもつけ
ruby_dict_merge	下野国	しもつけのくに
ruby_dict_merge	下﨟	げらふ
ruby_dict_merge	不倶戴天	ふぐたいてん
ruby_dict_merge	不動明王	ふどうみょうおう
ruby_dict_merge	不受不施	ふじゅふせ
ruby_dict_merge	不均衡	ふきんこう
ruby_dict_merge	不忍池	しのばずのいけ
ruby_dict_merge	不愉快	ふゆかい
ruby_dict_merge	不意打	ふいうち
ruby_dict_merge	不本意	ふほんい
ruby_dict_merge	不条理	ふじょうり
ruby_dict_merge	不機嫌	ふきげん
ruby_dict_merge	不死川玄弥	しなずがわげんや
ruby_dict_merge	不生不滅	ふしょうふめつ
ruby_dict_merge	不知吟士	しらずぎんし
ruby_dict_merge	不祝儀	ぶしゅうぎ
ruby_dict_merge	不義遊戯	ブギウギ
ruby_dict_merge	不老不死	ふろうふし
ruby_dict_merge	不自由	ふじゆう
ruby_dict_merge	不還	ふげん
ruby_dict_merge	不飽和脂肪酸	ふほうわしぼうさん
ruby_dict_merge	与志江	よしえ
ruby_dict_merge	与謝蕪村	よさぶそん
ruby_dict_merge	与謝野晶子	よさのあきこ
ruby_dict_merge	与謝野馨	よさのかおる
ruby_dict_merge	与那国島	よなぐにじま
ruby_dict_merge	世俗的	せぞくてき
ruby_dict_merge	世捨人	よすてびと
ruby_dict_merge	世界保健機関	せかいほけんきかん
ruby_dict_merge	世界初	せかいはつ
ruby_dict_merge	世話物	せわもの
ruby_dict_merge	世説新語	せせつしんご
ruby_dict_merge	世間	よのなか
ruby_dict_merge	世間胸算用	せけんむねさんよう
ruby_dict_merge	世間虚仮唯仏是真	せけんこけゆいぶつぜしん
ruby_dict_merge	丙子	へいし
ruby_dict_merge	両刃	もろは
ruby_dict_merge	両性具有	りょうせいぐゆう
ruby_dict_merge	両面	ふたおも
ruby_dict_merge	並木宗輔	なみきそうすけ
ruby_dict_merge	中世古香織	なかせこかおり
ruby_dict_merge	中先代	なかせんだい
ruby_dict_merge	中務哲郎	なかつかさてつお
ruby_dict_merge	中原	ちゅうげん
ruby_dict_merge	中右記	ちゅうゆうき
ruby_dict_merge	中大兄皇子	なかのおおえのおうじ
ruby_dict_merge	中宗	チュンジョン
ruby_dict_merge	中宮	ちゅうぐう
ruby_dict_merge	中宮	ちゆうぐう
ruby_dict_merge	中将	ちゆうじやう
ruby_dict_merge	中将姫	ちゅうじょうひめ
ruby_dict_merge	中尊寺金色堂	ちゅうそんじこんじきどう
ruby_dict_merge	中島国彦	なかじまくにひこ
ruby_dict_merge	中嶽	なかだけ
ruby_dict_merge	中川夏紀	なかがわなつき
ruby_dict_merge	中日	なかび
ruby_dict_merge	中曽根康弘	なかそねやすひろ
ruby_dict_merge	中村元	なかむらはじめ
ruby_dict_merge	中村光夫	なかむらみつお
ruby_dict_merge	中村善也	なかむらぜんや
ruby_dict_merge	中江兆民	なかえちょうみん
ruby_dict_merge	中江藤樹	なかえとうじゅ
ruby_dict_merge	中田一郎	なかたいちろう
ruby_dict_merge	中納言	ちゅうなごん
ruby_dict_merge	中納言	ちゆうなごん
ruby_dict_merge	中臣氏	なかとみうじ
ruby_dict_merge	中臣鎌子	なかとみのかまこ
ruby_dict_merge	中臣鎌足	なかとみのかまたり
ruby_dict_merge	中道	なかみち
ruby_dict_merge	中都	ちゅうと
ruby_dict_merge	中都	なかつ
ruby_dict_merge	中里	なかざと
ruby_dict_merge	丸山真男	まるやままさお
ruby_dict_merge	丹下段平	たんげだんぺい
ruby_dict_merge	丹後国	たんごのくに
ruby_dict_merge	丹後掾	たんごのじょう
ruby_dict_merge	丹波布	たんばぬの
ruby_dict_merge	丹生川	にゆうかわ
ruby_dict_merge	主上	しゆしやう
ruby_dict_merge	主従	しゆうじゆう
ruby_dict_merge	主殿司	とのもづかさ
ruby_dict_merge	乃木希典	のぎまれすけ
ruby_dict_merge	乃木憂助	のぎゆうすけ
ruby_dict_merge	久世光彦	くぜてるひこ
ruby_dict_merge	久住昌之	くすみまさゆき
ruby_dict_merge	久保	ひさやす
ruby_dict_merge	久保田万太郎	くぼたまんたろう
ruby_dict_merge	久松長家	ひさまつながいえ
ruby_dict_merge	久留米絣	くるめがすり
ruby_dict_merge	久石奏	ひさいしかなで
ruby_dict_merge	久米島紬	くめじまつむぎ
ruby_dict_merge	久米歌	くめうた
ruby_dict_merge	久米舞	くめまい
ruby_dict_merge	久米邦武	くめくにたけ
ruby_dict_merge	久米部	くめべ
ruby_dict_merge	久高島	くだかじま
ruby_dict_merge	乕吉	とらきち
ruby_dict_merge	乙巳	いっし
ruby_dict_merge	乙骨憂太	おっこつゆうた
ruby_dict_merge	九十九由基	つくもゆき
ruby_dict_merge	九国	くこく
ruby_dict_merge	九日	ここのか
ruby_dict_merge	九条家	くじょうけ
ruby_dict_merge	九鬼周造	くきしゅうぞう
ruby_dict_merge	乳房	ちぶさ
ruby_dict_merge	乳海攪拌	にゅうかいかくはん
ruby_dict_merge	乾隆帝	けんりゅうてい
ruby_dict_merge	亀井宏	かめいひろし
ruby_dict_merge	亀子	かめのこ
ruby_dict_merge	亀岡	かめをか
ruby_dict_merge	亀玆	きじ
ruby_dict_merge	予示	よし
ruby_dict_merge	予言者	よげんしゃ
ruby_dict_merge	二七日	ふたなのか
ruby_dict_merge	二上山	ふたかみやま
ruby_dict_merge	二人	ににん
ruby_dict_merge	二代	にだい
ruby_dict_merge	二位尼	にいのあま
ruby_dict_merge	二十四節気	にじゅうしせっき
ruby_dict_merge	二十日鼠	はつかねずみ
ruby_dict_merge	二子	ふたご
ruby_dict_merge	二宮尊徳	にのみやそんとく
ruby_dict_merge	二月	にがつ
ruby_dict_merge	二条	にでう
ruby_dict_merge	二神	にしん
ruby_dict_merge	二輪	にりん
ruby_dict_merge	二輪車	にりんしゃ
ruby_dict_merge	二郎	じらう
ruby_dict_merge	二階俊博	にかいとしひろ
ruby_dict_merge	于役	うえき
ruby_dict_merge	五下分結	ごげぶんけつ
ruby_dict_merge	五位	ごゐ
ruby_dict_merge	五十二	いそじ
ruby_dict_merge	五大力	ごだいりき
ruby_dict_merge	五月一日経	ごがつついたちきょう
ruby_dict_merge	五百	いお
ruby_dict_merge	五百	いほ
ruby_dict_merge	五百津	いおつ
ruby_dict_merge	五種競技	ごしゅきょうぎ
ruby_dict_merge	五節	ごせつ
ruby_dict_merge	五節舞	ごせちのまい
ruby_dict_merge	五経	ごけい
ruby_dict_merge	五経博士	ごきょうはかせ
ruby_dict_merge	五胡十六国	ごこじゅうろっこく
ruby_dict_merge	五逆罪	ごぎやくざい
ruby_dict_merge	井上和香	いのうえわか
ruby_dict_merge	井上靖	いのうえやすし
ruby_dict_merge	井上順菜	いのうえじゅんな
ruby_dict_merge	井之頭五郎	いのがしらごろう
ruby_dict_merge	井伊直政	いいなおまさ
ruby_dict_merge	井原西鶴	いはらさいかく
ruby_dict_merge	井戸端	いどばた
ruby_dict_merge	井波律子	いなみりつこ
ruby_dict_merge	亜門鋼太朗	あもんこうたろう
ruby_dict_merge	亜麻布	あまぬの
ruby_dict_merge	亡霊	ばうれい
ruby_dict_merge	交叉点	こうさてん
ruby_dict_merge	交詢社	こうじゅんしゃ
ruby_dict_merge	交際	カウサイ
ruby_dict_merge	交響曲	こうきょうきょく
ruby_dict_merge	京極	きようごく
ruby_dict_merge	京畿道	キョンギド
ruby_dict_merge	人化	ひとか
ruby_dict_merge	人商人	ひとあきびと
ruby_dict_merge	人好	ひとよし
ruby_dict_merge	人形	ひとがた
ruby_dict_merge	人情本	にんじょうぼん
ruby_dict_merge	人数	にんず
ruby_dict_merge	人気	じんき
ruby_dict_merge	人皆	ひとみな
ruby_dict_merge	人給	にんきゅう
ruby_dict_merge	人言	ひとごと
ruby_dict_merge	人身御供	ひとみごくう
ruby_dict_merge	仁安	にんあん
ruby_dict_merge	仁平	にんぺい
ruby_dict_merge	仁徳天皇陵	にんとくてんのうりょう
ruby_dict_merge	今井	いまゐ
ruby_dict_merge	今井兼平	いまいかねひら
ruby_dict_merge	今井清一	いまいせいいち
ruby_dict_merge	今夕	こんせき
ruby_dict_merge	今川氏真	いまがわうじざね
ruby_dict_merge	今川義元	いまがわよしもと
ruby_dict_merge	今日	けふ
ruby_dict_merge	今日	こんにち
ruby_dict_merge	今昔物語集	こんじゃくものがたりしゅう
ruby_dict_merge	今村洋子	いまむらようこ
ruby_dict_merge	今様	いまやう
ruby_dict_merge	今生	こんじやう
ruby_dict_merge	今野寿美	こんのすみ
ruby_dict_merge	今野真二	こんのしんじ
ruby_dict_merge	仏御前	ほとけごぜん
ruby_dict_merge	仏性	ぶっしょう
ruby_dict_merge	仏性	ぶつしやう
ruby_dict_merge	仏足石歌体	ぶっそくせきかたい
ruby_dict_merge	仔猫	こねこ
ruby_dict_merge	仔馬	こうま
ruby_dict_merge	他人	ひと
ruby_dict_merge	他愛	たわい
ruby_dict_merge	付睫毛	つけまつげ
ruby_dict_merge	代々	よよ
ruby_dict_merge	代貸	だいがし
ruby_dict_merge	以仁王	もちひとおう
ruby_dict_merge	以夷征夷	いいせいい
ruby_dict_merge	仮名	かんな
ruby_dict_merge	仮名	けみょう
ruby_dict_merge	仮名垣魯文	かながきろぶん
ruby_dict_merge	仮名手本忠臣蔵	かなでほんちゅうしんぐら
ruby_dict_merge	仮名草子	かなぞうし
ruby_dict_merge	仮小屋	かりごや
ruby_dict_merge	仰向	あおむけ
ruby_dict_merge	仰向	あふむけ
ruby_dict_merge	仲井真弘多	なかいまひろかず
ruby_dict_merge	仲平	ちゅうへい
ruby_dict_merge	仲弓	ちゅうきゅう
ruby_dict_merge	仲間	ちゅうげん
ruby_dict_merge	仿製鏡	ぼうせいきょう
ruby_dict_merge	伊丹三樹彦	いたみみきひこ
ruby_dict_merge	伊予国	いよのくに
ruby_dict_merge	伊勢国	いせのくに
ruby_dict_merge	伊勢宗瑞	いせそうずい
ruby_dict_merge	伊勢物語	いせものがたり
ruby_dict_merge	伊勢瓶子	いせへいじ
ruby_dict_merge	伊勢神宮	いせじんぐう
ruby_dict_merge	伊地知潔高	いじちきよたか
ruby_dict_merge	伊奈忠次	いなただつぐ
ruby_dict_merge	伊尹	いいん
ruby_dict_merge	伊尹	これただ
ruby_dict_merge	伊川	いかわ
ruby_dict_merge	伊川津	いかわつ
ruby_dict_merge	伊曽保物語	イソホものがたり
ruby_dict_merge	伊東倉元	いとうくらもと
ruby_dict_merge	伊東正義	いとうまさよし
ruby_dict_merge	伊沢蘭軒	いざわらんけん
ruby_dict_merge	伊能忠敬	いのうただたか
ruby_dict_merge	伊藤仁斎	いとうじんさい
ruby_dict_merge	伊藤博文	いとうひろぶみ
ruby_dict_merge	伊谷純一郎	いたにじゅんいちろう
ruby_dict_merge	伊豆国	いずのくに
ruby_dict_merge	伊豆国	いづのくに
ruby_dict_merge	伊賦夜坂	いふやざか
ruby_dict_merge	伊達政宗	だてまさむね
ruby_dict_merge	伊邪那岐命	いざなぎのみこと
ruby_dict_merge	伊邪那美命	いざなみのみこと
ruby_dict_merge	伊都	いつ
ruby_dict_merge	伎楽面	ぎがくめん
ruby_dict_merge	伏見区	ふしみく
ruby_dict_merge	伏見稲荷	ふしみいなり
ruby_dict_merge	休場	やすみば
ruby_dict_merge	会下	えか
ruby_dict_merge	会者定離	ゑしやぢやうり
ruby_dict_merge	伝教大師	でんぎょうだいし
ruby_dict_merge	伝言	つてこと
ruby_dict_merge	伯姫	はくき
ruby_dict_merge	伯父	をぢ
ruby_dict_merge	伴信友	ばんのぶとも
ruby_dict_merge	伴大納言	ばんだいなごん
ruby_dict_merge	伽草子	とぎぞうし
ruby_dict_merge	但馬国	たじまのくに
ruby_dict_merge	但馬皇女	たじまのひめみこ
ruby_dict_merge	低湿地	ていしっち
ruby_dict_merge	住国	ぢゅうこく
ruby_dict_merge	住家	すみか
ruby_dict_merge	佐々成政	さっさなりまさ
ruby_dict_merge	佐々木小次郎	ささきこじろう
ruby_dict_merge	佐々木梓	ささきあずさ
ruby_dict_merge	佐々木琲世	ささきはいせ
ruby_dict_merge	佐々木高綱	ささきたかつな
ruby_dict_merge	佐久間信盛	さくまのぶもり
ruby_dict_merge	佐久間象山	さくましょうざん
ruby_dict_merge	佐佐木高行	ささきたかゆき
ruby_dict_merge	佐倉宗五郎	さくらそうごろう
ruby_dict_merge	佐原眞	さはらまこと
ruby_dict_merge	佐橋甚五郎	さはしじんごろう
ruby_dict_merge	佐比売山	さひめやま
ruby_dict_merge	佐渡島方治	さどじまほうじ
ruby_dict_merge	佐理	さり
ruby_dict_merge	佐藤惣之助	さとうそうのすけ
ruby_dict_merge	佐藤栄作	さとうえいさく
ruby_dict_merge	佐藤義清	さとうのりきよ
ruby_dict_merge	佐藤黒呼	さとうくろこ
ruby_dict_merge	佐野万次郎	さのまんじろう
ruby_dict_merge	何人	なにびと
ruby_dict_merge	何人	なんびと
ruby_dict_merge	何人	なんぴと
ruby_dict_merge	何分	なにぶん
ruby_dict_merge	何時	なんどき
ruby_dict_merge	何色	なんしょく
ruby_dict_merge	作手	つくて
ruby_dict_merge	作田	さくでん
ruby_dict_merge	作礼	さらい
ruby_dict_merge	佩文韻府	はいぶんいんぷ
ruby_dict_merge	佩玉	はいぎょく
ruby_dict_merge	使徒言行録	しとげんこうろく
ruby_dict_merge	侃侃諤諤	かんかんがくがく
ruby_dict_merge	侍御史	じぎょし
ruby_dict_merge	供御人	くごにん
ruby_dict_merge	供物	そなえもの
ruby_dict_merge	供犠	きょうぎ
ruby_dict_merge	供祭	ぐさい
ruby_dict_merge	供養	くやう
ruby_dict_merge	依存度	いぞんど
ruby_dict_merge	依田学海	よだがっかい
ruby_dict_merge	便宜的	べんぎてき
ruby_dict_merge	俊乗房	しゅんじょうぼう
ruby_dict_merge	俊寛	しゅんかん
ruby_dict_merge	俊恵	しゅんえ
ruby_dict_merge	俊恵法師	しゅんえほうし
ruby_dict_merge	俊成	しゆんぜい
ruby_dict_merge	俊頼髄脳	としよりずいのう
ruby_dict_merge	保育園	ほいくえん
ruby_dict_merge	信太	しだ
ruby_dict_merge	信実	のぶざね
ruby_dict_merge	信憑性	しんぴょうせい
ruby_dict_merge	信濃前司行長	しなののぜんじゆきなが
ruby_dict_merge	信濃国	しなののくに
ruby_dict_merge	信貴山縁起	しぎさんえんぎ
ruby_dict_merge	信頼	のぶより
ruby_dict_merge	修学院	しゅがくいん
ruby_dict_merge	修正会	しゅしょうえ
ruby_dict_merge	修理	しゆり
ruby_dict_merge	修験者	しゆげんじや
ruby_dict_merge	修験道	しゅげんどう
ruby_dict_merge	俱梨伽羅	くりから
ruby_dict_merge	俱梨迦羅	くりから
ruby_dict_merge	俱梨迦羅峠	くりからとうげ
ruby_dict_merge	俳優	わざおぎ
ruby_dict_merge	俵屋宗達	たわらやそうたつ
ruby_dict_merge	候間	そうろうあいだ
ruby_dict_merge	借上	かしあげ
ruby_dict_merge	倭人伝	わじんでん
ruby_dict_merge	倭鍛部	やまとかぬちべ
ruby_dict_merge	偐紫田舎源氏	にせむらさきいなかげんじ
ruby_dict_merge	停任	ちやうにん
ruby_dict_merge	健児	こんでい
ruby_dict_merge	偵察機	ていさつき
ruby_dict_merge	傀儡	かいらい
ruby_dict_merge	傀儡師	くぐつし
ruby_dict_merge	傅善祥	ふぜんしょう
ruby_dict_merge	傘木希美	かさきのぞみ
ruby_dict_merge	備中	びつちゆう
ruby_dict_merge	備前国	びぜんのくに
ruby_dict_merge	傲岸不遜	ごうがんふそん
ruby_dict_merge	僧尼令	そうにりょう
ruby_dict_merge	僧都	そうづ
ruby_dict_merge	優勝者	ゆうしょうしゃ
ruby_dict_merge	元明	げんめい
ruby_dict_merge	元田永孚	もとだながざね
ruby_dict_merge	兄姉	きょうだい
ruby_dict_merge	兄弟	けいてい
ruby_dict_merge	兄弟愛	きょうだいあい
ruby_dict_merge	先世	せんぜ
ruby_dict_merge	先知恵	さきぢえ
ruby_dict_merge	先駆	さきがけ
ruby_dict_merge	光孝	こうこう
ruby_dict_merge	光明遍照	くわうみやうへんぜう
ruby_dict_merge	光月家	こうづきけ
ruby_dict_merge	光海君	クァンヘグン
ruby_dict_merge	光緒帝	こうちょてい
ruby_dict_merge	光行	みつゆき
ruby_dict_merge	免田	めんでん
ruby_dict_merge	免罪符	めんざいふ
ruby_dict_merge	党利党略	とうりとうりゃく
ruby_dict_merge	入唐求法巡礼行記	にっとうぐほうじゅんれいこうき
ruby_dict_merge	入彦	いりびこ
ruby_dict_merge	入水	じゆすい
ruby_dict_merge	入相	いりあひ
ruby_dict_merge	入道	ニフダウ
ruby_dict_merge	全斗煥	チョンドファン
ruby_dict_merge	八丈絹	はちじょうぎぬ
ruby_dict_merge	八上	やがみ
ruby_dict_merge	八代集	はちだいしゅう
ruby_dict_merge	八佾	はちいつ
ruby_dict_merge	八分	はっぷん
ruby_dict_merge	八咫鏡	やたのかがみ
ruby_dict_merge	八塩折	やしおおり
ruby_dict_merge	八左衛門	はちざえもん
ruby_dict_merge	八幡太郎	はちまんたろう
ruby_dict_merge	八幡宮	はちまんぐう
ruby_dict_merge	八拳	やつか
ruby_dict_merge	八日	やうか
ruby_dict_merge	八木俊典	やぎとしのり
ruby_dict_merge	八束水臣津野命	やつかみづおみつののみこと
ruby_dict_merge	八正道	はっしょうどう
ruby_dict_merge	八百	ヤオ
ruby_dict_merge	八百土	やおに
ruby_dict_merge	八穂蓼	やほたで
ruby_dict_merge	八紘一宇	はっこういちう
ruby_dict_merge	八聖道	はっしょうどう
ruby_dict_merge	八股文	はっこぶん
ruby_dict_merge	八部衆	はちぶしゅう
ruby_dict_merge	八重	やへ
ruby_dict_merge	八重葎	やへむぐら
ruby_dict_merge	八間	はちけん
ruby_dict_merge	公事根源	くじこんげん
ruby_dict_merge	公冶長	こうやちょう
ruby_dict_merge	公定歩合	こうていぶあい
ruby_dict_merge	公宴	くえん
ruby_dict_merge	公文	くもん
ruby_dict_merge	公田	くでん
ruby_dict_merge	公界	くがい
ruby_dict_merge	公等	こうら
ruby_dict_merge	公達	きんだち
ruby_dict_merge	六人部是香	むとべよしか
ruby_dict_merge	六代	ろくだい
ruby_dict_merge	六分儀	ろくぶんぎ
ruby_dict_merge	六導玲霞	りくどうれいか
ruby_dict_merge	六歌仙	ろっかせん
ruby_dict_merge	六波羅探題	ろくはらたんだい
ruby_dict_merge	六波羅蜜寺	ろくはらみつじ
ruby_dict_merge	六連星	むつらぼし
ruby_dict_merge	六道	ろくどう
ruby_dict_merge	六道銭	ろくどうせん
ruby_dict_merge	六部	りくぶ
ruby_dict_merge	兵仗	ひやうぢやう
ruby_dict_merge	兵糧米	ひようろうまい
ruby_dict_merge	兵衛	へえ
ruby_dict_merge	其人	そのひと
ruby_dict_merge	其他	そのた
ruby_dict_merge	其他	そのほか
ruby_dict_merge	其儘	そのまま
ruby_dict_merge	其枝	そのえ
ruby_dict_merge	其迄	それまで
ruby_dict_merge	具足戒	ぐそくかい
ruby_dict_merge	兼行	かねゆき
ruby_dict_merge	内侍所	ないしどころ
ruby_dict_merge	内外	うちそと
ruby_dict_merge	内大臣	ないだいじん
ruby_dict_merge	内惑星	ないわくせい
ruby_dict_merge	内検使	ないけんし
ruby_dict_merge	内海	うちうみ
ruby_dict_merge	内甲	うちかぶと
ruby_dict_merge	内蔵寮	くらりょう
ruby_dict_merge	内親王	ないしんのう
ruby_dict_merge	内閣学士	ないかくがくし
ruby_dict_merge	円城塔	えんじょうとう
ruby_dict_merge	円山応挙	まるやまおうきょ
ruby_dict_merge	円相	えんそう
ruby_dict_merge	円覚寺	えんがくじ
ruby_dict_merge	円谷光彦	つぶらやみつひこ
ruby_dict_merge	冉伯牛	ぜんはくぎゅう
ruby_dict_merge	冉有	ぜんゆう
ruby_dict_merge	冊子	そうし
ruby_dict_merge	冒険者	ぼうけんしゃ
ruby_dict_merge	冠着山	かむりきやま
ruby_dict_merge	冠者	かんじゃ
ruby_dict_merge	冠者	くわじや
ruby_dict_merge	冠者	くわんじや
ruby_dict_merge	冠落	かむりおとし
ruby_dict_merge	冥加	みやうが
ruby_dict_merge	冥王星	めいおうせい
ruby_dict_merge	冬嗣	ふゆつぐ
ruby_dict_merge	凌雲集	りょううんしゅう
ruby_dict_merge	凜々	りり
ruby_dict_merge	凡夫	ぼんぶ
ruby_dict_merge	凡河内躬恒	おおしこうちのみつね
ruby_dict_merge	凶服	きょうふく
ruby_dict_merge	出来	いでく
ruby_dict_merge	出来	しゅったい
ruby_dict_merge	出来	でけ
ruby_dict_merge	出雲国	いずものくに
ruby_dict_merge	出雲国風土記	いずものくにふどき
ruby_dict_merge	出雲大社	いずもたいしゃ
ruby_dict_merge	出雲建	いずもたける
ruby_dict_merge	出雲阿国	いずものおくに
ruby_dict_merge	刀磨	かたなとぎ
ruby_dict_merge	刃切	はぎれ
ruby_dict_merge	分別	ふんべつ
ruby_dict_merge	分前	わけまえ
ruby_dict_merge	分岐点	ぶんきてん
ruby_dict_merge	分水嶺	ぶんすいれい
ruby_dict_merge	切刃	きりは
ruby_dict_merge	切島鋭児郎	きりしまえいじろう
ruby_dict_merge	切磋琢磨	せっさたくま
ruby_dict_merge	刑部卿	ぎやうぶきやう
ruby_dict_merge	初国	はつくに
ruby_dict_merge	初心	うぶ
ruby_dict_merge	初心者	しょしんしゃ
ruby_dict_merge	初見泉	はつみせん
ruby_dict_merge	判官	はうぐわん
ruby_dict_merge	判官	はんがん
ruby_dict_merge	判官	はんぐわん
ruby_dict_merge	判者	はんざ
ruby_dict_merge	別墅	べつしよ
ruby_dict_merge	別府	べふ
ruby_dict_merge	別当	べつたう
ruby_dict_merge	別当	べつとう
ruby_dict_merge	利基	としもと
ruby_dict_merge	利根川	とねがわ
ruby_dict_merge	利益	りやく
ruby_dict_merge	刹那的	せつなてき
ruby_dict_merge	則天武后	そくてんぶこう
ruby_dict_merge	前代未聞	ぜんだいみもん
ruby_dict_merge	前句付	まえくづけ
ruby_dict_merge	前屈	まえかがみ
ruby_dict_merge	前方後円墳	ぜんぽうこうえんふん
ruby_dict_merge	前田利家	まえだとしいえ
ruby_dict_merge	前田利長	まえだとしなが
ruby_dict_merge	前田玄以	まえだげんい
ruby_dict_merge	前腕	まえうで
ruby_dict_merge	前途	センド
ruby_dict_merge	前野良沢	まえのりょうたく
ruby_dict_merge	剛毅木訥	ごうきぼくとつ
ruby_dict_merge	剣崎梨々花	けんざきりりか
ruby_dict_merge	副島種臣	そえじまたねおみ
ruby_dict_merge	割截	かっせつ
ruby_dict_merge	創世記	そうせいき
ruby_dict_merge	創造神	そうぞうしん
ruby_dict_merge	創造者	そうぞうしゃ
ruby_dict_merge	劉少奇	りゅうしょうき
ruby_dict_merge	劉麗川	りゅうれいせん
ruby_dict_merge	劉龑	りゅうげん
ruby_dict_merge	加地子	かじし
ruby_dict_merge	加山沙希	かやまさき
ruby_dict_merge	加持祈禱	かじきとう
ruby_dict_merge	加橋比呂	かはしひろ
ruby_dict_merge	加茂憲倫	かものりとし
ruby_dict_merge	加茂憲紀	かものりとし
ruby_dict_merge	加藤弘之	かとうひろゆき
ruby_dict_merge	加藤景正	かとうかげまさ
ruby_dict_merge	加藤清正	かとうきよまさ
ruby_dict_merge	加藤葉月	かとうはづき
ruby_dict_merge	加藤鷹	かとうたか
ruby_dict_merge	加賀国	かがのくに
ruby_dict_merge	加部友恵	かべともえ
ruby_dict_merge	勅勘	ちよくかん
ruby_dict_merge	勅撰	ちよくせん
ruby_dict_merge	勅撰和歌集	ちょくせんわかしゅう
ruby_dict_merge	勅撰集	ちょくせんしゅう
ruby_dict_merge	勇悍	ゆうかん
ruby_dict_merge	勇猛果敢	ゆうもうかかん
ruby_dict_merge	動物系	ゾオンけい
ruby_dict_merge	動物遺体	どうぶついたい
ruby_dict_merge	勝手	かつて
ruby_dict_merge	勝鬘経	しょうまんぎょう
ruby_dict_merge	勝麟太郎	かつりんたろう
ruby_dict_merge	勧賞	けんじやう
ruby_dict_merge	勧進帳	くわんじんちやう
ruby_dict_merge	勿体	もつたい
ruby_dict_merge	包立身	ほうりっしん
ruby_dict_merge	匕首	あいくち
ruby_dict_merge	化地部	けじぶ
ruby_dict_merge	化生	けしょう
ruby_dict_merge	北京語	ペキンご
ruby_dict_merge	北南	きたみなみ
ruby_dict_merge	北国	ほくこく
ruby_dict_merge	北川桃雄	きたがわももお
ruby_dict_merge	北斗七星	ほくとしちせい
ruby_dict_merge	北村遺跡	きたむらいせき
ruby_dict_merge	北杜夫	きたもりお
ruby_dict_merge	北条政子	ほうじょうまさこ
ruby_dict_merge	北条時頼	ほうじょうときより
ruby_dict_merge	北極星	ほっきょくせい
ruby_dict_merge	北畠親房	きたばたけちかふさ
ruby_dict_merge	北畠顕家	きたばたけあきいえ
ruby_dict_merge	匹田	ひきだ
ruby_dict_merge	区々	くく
ruby_dict_merge	医師	くすし
ruby_dict_merge	十一	じゆういち
ruby_dict_merge	十一谷	じゆういちや
ruby_dict_merge	十三湊	とさみなと
ruby_dict_merge	十分	じゅうぶん
ruby_dict_merge	十干	じつかん
ruby_dict_merge	十干十二支	じっかんじゅうにし
ruby_dict_merge	十念	じふねん
ruby_dict_merge	十拳	とつか
ruby_dict_merge	十文字	じふもんじ
ruby_dict_merge	十方	じつぱう
ruby_dict_merge	十河	そごう
ruby_dict_merge	十訓抄	じっきんしょう
ruby_dict_merge	十返舎一九	じっぺんしゃいっく
ruby_dict_merge	千々	ちぢ
ruby_dict_merge	千万	せんばん
ruby_dict_merge	千万	ちよろづ
ruby_dict_merge	千五百秋	ちいほあき
ruby_dict_merge	千朶	せんだ
ruby_dict_merge	千石簁	せんごくどおし
ruby_dict_merge	千總	ちそう
ruby_dict_merge	千葉貴之	ちばたかゆき
ruby_dict_merge	千軍万馬	せんぐんばんば
ruby_dict_merge	千載集	せんざいしゅう
ruby_dict_merge	千重	ちへ
ruby_dict_merge	千騎	せんぎ
ruby_dict_merge	千鳥足	ちどりあし
ruby_dict_merge	千鶴子	ちづこ
ruby_dict_merge	升子	ますこ
ruby_dict_merge	半井恵仁	なからいけいじん
ruby_dict_merge	半幅帯	はんはばおび
ruby_dict_merge	半日	はんにち
ruby_dict_merge	半跏思惟	はんかしい
ruby_dict_merge	半間修二	はんましゅうじ
ruby_dict_merge	南光坊天海	なんこうぼうてんかい
ruby_dict_merge	南原繁	なんばらしげる
ruby_dict_merge	南大門	なんだいもん
ruby_dict_merge	南子	なんし
ruby_dict_merge	南巡講話	なんじゅんこうわ
ruby_dict_merge	南河内	みなみごうち
ruby_dict_merge	南無三宝	なむさんぼう
ruby_dict_merge	南無妙法蓮華経	なむみょうほうれんげきょう
ruby_dict_merge	南総里見八犬伝	なんそうさとみはっけんでん
ruby_dict_merge	南部実長	なんぶさねなが
ruby_dict_merge	単音節語	たんおんせつご
ruby_dict_merge	博士	はくし
ruby_dict_merge	卜部兼好	うらべかねよし
ruby_dict_merge	卯刻	うのこく
ruby_dict_merge	印南	いなみ
ruby_dict_merge	印地打	いんじうち
ruby_dict_merge	危邦	きほう
ruby_dict_merge	即興的	そっきょうてき
ruby_dict_merge	卵生	らんしょう
ruby_dict_merge	卿相	けいしやう
ruby_dict_merge	厄介者	やっかいもの
ruby_dict_merge	厄病神	やくびょうがみ
ruby_dict_merge	厩火事	うまやかじ
ruby_dict_merge	厭世観	えんせいかん
ruby_dict_merge	厭離	おんり
ruby_dict_merge	参候	さんこう
ruby_dict_merge	参拝者	さんぱいしゃ
ruby_dict_merge	参詣者	さんけいしゃ
ruby_dict_merge	双六	すぐろく
ruby_dict_merge	双六盤	すごろくばん
ruby_dict_merge	双声	そうせい
ruby_dict_merge	双眼鏡	そうがんきょう
ruby_dict_merge	双葉郡大熊町	ふたばぐんおおくままち
ruby_dict_merge	反対側	はんたいがわ
ruby_dict_merge	収二郎	しゅうじろう
ruby_dict_merge	叔梁紇	しゅくりょうこつ
ruby_dict_merge	受記	じゅき
ruby_dict_merge	受領	じゆりやう
ruby_dict_merge	受領	ずりょう
ruby_dict_merge	叙事詩	じょじし
ruby_dict_merge	叛賊	はんぞく
ruby_dict_merge	叡尊	えいそん
ruby_dict_merge	口分田	くぶんでん
ruby_dict_merge	口号	くつうた
ruby_dict_merge	口喧嘩	くちげんか
ruby_dict_merge	口永良部島	くちのえらぶじま
ruby_dict_merge	口穢	くちぎたな
ruby_dict_merge	古人	いにしえびと
ruby_dict_merge	古人骨	こじんこつ
ruby_dict_merge	古今	こきん
ruby_dict_merge	古今和歌六帖	こきんわかろくじょう
ruby_dict_merge	古今和歌集	こきんわかしゅう
ruby_dict_merge	古今集	こきんしゅう
ruby_dict_merge	古史通	こしつう
ruby_dict_merge	古妻	ふるづま
ruby_dict_merge	古川日出男	ふるかわひでお
ruby_dict_merge	古手屋	ふるてや
ruby_dict_merge	古文辞学	こぶんじがく
ruby_dict_merge	古来風体抄	こらいふうたいしょう
ruby_dict_merge	古来風体抄	こらいふうていしょう
ruby_dict_merge	古河	こが
ruby_dict_merge	古河公方	こがくぼう
ruby_dict_merge	古活字版	こかつじばん
ruby_dict_merge	古見	こみ
ruby_dict_merge	古譚	こたん
ruby_dict_merge	古郷	ふるさと
ruby_dict_merge	古間円児	こまえんじ
ruby_dict_merge	叫声	さけびごえ
ruby_dict_merge	召文	めしぶみ
ruby_dict_merge	台密	たいみつ
ruby_dict_merge	右京区	うきょうく
ruby_dict_merge	右兵衛督	うひやうゑのかみ
ruby_dict_merge	右大将	うだいしやう
ruby_dict_merge	右大臣	うだいじん
ruby_dict_merge	右繞	うにょう
ruby_dict_merge	右腕	うわん
ruby_dict_merge	右遶	うにょう
ruby_dict_merge	右遶三匝	うにょうさんそう
ruby_dict_merge	右顧左眄	うこさべん
ruby_dict_merge	司馬江漢	しばこうかん
ruby_dict_merge	司馬遷	しばせん
ruby_dict_merge	吃々	きつきつ
ruby_dict_merge	各〻	おのおの
ruby_dict_merge	合区	ごうく
ruby_dict_merge	合唱隊	がっしょうたい
ruby_dict_merge	合子	ごうし
ruby_dict_merge	合戦	かつせん
ruby_dict_merge	吉事	よごと
ruby_dict_merge	吉備真備	きびのまきび
ruby_dict_merge	吉川優子	よしかわゆうこ
ruby_dict_merge	吉川広家	きっかわひろいえ
ruby_dict_merge	吉弥	きちや
ruby_dict_merge	吉沢秋子	よしざわあきこ
ruby_dict_merge	吉田兼好	よしだけんこう
ruby_dict_merge	吉田松陰	よしだしょういん
ruby_dict_merge	吉田歩美	よしだあゆみ
ruby_dict_merge	吉田茂	よしだしげる
ruby_dict_merge	吉祥	きっしょう
ruby_dict_merge	吉良上野介	きらこうずけのすけ
ruby_dict_merge	吉良義央	きらよしなか
ruby_dict_merge	吊梯子	つりばしご
ruby_dict_merge	同位体	どういたい
ruby_dict_merge	同士軍	どしいくさ
ruby_dict_merge	同胞	はらから
ruby_dict_merge	名児	なご
ruby_dict_merge	名取裕子	なとりゆうこ
ruby_dict_merge	名和長年	なわながとし
ruby_dict_merge	名物裂	めいぶつぎれ
ruby_dict_merge	名田	みょうでん
ruby_dict_merge	名誉毀損	めいよきそん
ruby_dict_merge	名頭	ながしら
ruby_dict_merge	名鳴女	ななきめ
ruby_dict_merge	吐瀉物	としゃぶつ
ruby_dict_merge	向後	きょうこう
ruby_dict_merge	向栄	こうえい
ruby_dict_merge	向背	こうはい
ruby_dict_merge	向脛	むこうずね
ruby_dict_merge	吝嗇	けち
ruby_dict_merge	吟遊詩人	ぎんゆうしじん
ruby_dict_merge	吾妻	あづま
ruby_dict_merge	吾妻錦絵	あずまにしきえ
ruby_dict_merge	呂雉	りょち
ruby_dict_merge	呉佩孚	ごはいふ
ruby_dict_merge	呉如孝	ごじょこう
ruby_dict_merge	呉文鎔	ごぶんよう
ruby_dict_merge	呉茂一	くれしげいち
ruby_dict_merge	呉雷庵	くれらいあん
ruby_dict_merge	周仏海	しゅうふつかい
ruby_dict_merge	周公旦	しゅうこうたん
ruby_dict_merge	周南市	しゅうなんし
ruby_dict_merge	周防久志	すおうひさし
ruby_dict_merge	周防国	すおうのくに
ruby_dict_merge	周防灘	すおうなだ
ruby_dict_merge	呪詛	じゅそ
ruby_dict_merge	味噌汁	みそしる
ruby_dict_merge	味耜高彦根神	あぢすきたかひこねのかみ
ruby_dict_merge	咄々	とつとつ
ruby_dict_merge	和一郎	わいちろう
ruby_dict_merge	和修吉時	わしゅうよしとき
ruby_dict_merge	和修常吉	わしゅうつねよし
ruby_dict_merge	和同開珎	わどうかいちん
ruby_dict_merge	和気清麻呂	わけのきよまろ
ruby_dict_merge	和気藹々	わきあいあい
ruby_dict_merge	和泉国	いずみのくに
ruby_dict_merge	和泉式部	いずみしきぶ
ruby_dict_merge	和漢朗詠集	わかんろうえいしゅう
ruby_dict_merge	和漢混淆文	わかんこんこうぶん
ruby_dict_merge	和田勉	わだべん
ruby_dict_merge	和蘭字彙	おらんだじい
ruby_dict_merge	和解	わげ
ruby_dict_merge	咸豊	かんぽう
ruby_dict_merge	咸豊帝	かんぽうてい
ruby_dict_merge	哀川翔	あいかわしょう
ruby_dict_merge	哀慟	あいどう
ruby_dict_merge	哲学者	てつがくしゃ
ruby_dict_merge	哺乳類	ほにゅうるい
ruby_dict_merge	唇歯輔車	しんしほしゃ
ruby_dict_merge	唐三彩	とうさんさい
ruby_dict_merge	唐招提寺	とうしょうだいじ
ruby_dict_merge	唐机	とうづくえ
ruby_dict_merge	唐綾威	からあやおどし
ruby_dict_merge	唐綾威	からあやをどし
ruby_dict_merge	唐話	とうわ
ruby_dict_merge	唐音	とうおん
ruby_dict_merge	唯一神道	ゆいいつしんとう
ruby_dict_merge	唯美主義	ゆいびしゅぎ
ruby_dict_merge	唯識論	ゆいしきろん
ruby_dict_merge	商沽	しょうこ
ruby_dict_merge	問注所	もんちゅうじょ
ruby_dict_merge	善女人	ぜんにょにん
ruby_dict_merge	善女龍王	ぜんにょりゅうおう
ruby_dict_merge	善男子	ぜんなんし
ruby_dict_merge	善祐	ぜんゆう
ruby_dict_merge	喜多川歌麿	きたがわうたまろ
ruby_dict_merge	喜多村来南	きたむららいな
ruby_dict_merge	喧喧囂囂	けんけんごうごう
ruby_dict_merge	営田	つくだ
ruby_dict_merge	嗔恚	しんい
ruby_dict_merge	嗜好品	しこうひん
ruby_dict_merge	嗣信	つぎのぶ
ruby_dict_merge	嗣治	つぐはる
ruby_dict_merge	嘉津宇岳	かつうだけ
ruby_dict_merge	嘉靖帝	かせいてい
ruby_dict_merge	嘴平伊之助	はしびらいのすけ
ruby_dict_merge	器物	うつはもの
ruby_dict_merge	噴火口	ふんかこう
ruby_dict_merge	四七日	よなのか
ruby_dict_merge	四六	しろく
ruby_dict_merge	四十	しじゅう
ruby_dict_merge	四向	しこう
ruby_dict_merge	四向四果	しこうしか
ruby_dict_merge	四天王	してんのう
ruby_dict_merge	四方	しはう
ruby_dict_merge	四方	よも
ruby_dict_merge	四方蓮示	よもれんじ
ruby_dict_merge	四旬節	しじゅんせつ
ruby_dict_merge	四時	しじ
ruby_dict_merge	四書	ししょ
ruby_dict_merge	四書五経	ししょごきょう
ruby_dict_merge	四条大納言	しじょうだいなごん
ruby_dict_merge	四果	しか
ruby_dict_merge	四極	しはつ
ruby_dict_merge	四正勤	ししょうごん
ruby_dict_merge	四海	しかい
ruby_dict_merge	四神足	しじんそく
ruby_dict_merge	四禅	しぜん
ruby_dict_merge	四禅天	しぜんてん
ruby_dict_merge	四科	しか
ruby_dict_merge	四聖	ししょう
ruby_dict_merge	四聖諦	ししょうたい
ruby_dict_merge	四肢骨	ししこつ
ruby_dict_merge	四諦	したい
ruby_dict_merge	四足	よつあし
ruby_dict_merge	四辺形	しへんけい
ruby_dict_merge	四郎	しらう
ruby_dict_merge	四郎左衛門	しろうざえもん
ruby_dict_merge	四部合戦状	しぶかっせんじょう
ruby_dict_merge	回向	ゑかう
ruby_dict_merge	因果応報	いんがおうほう
ruby_dict_merge	因縁話	いんねんばなし
ruby_dict_merge	団子坂	だんござか
ruby_dict_merge	困民党	こんみんとう
ruby_dict_merge	囲繞	いにょう
ruby_dict_merge	図書頭	ずしょのかみ
ruby_dict_merge	固執	こしゅう
ruby_dict_merge	国中連公麻呂	くになかのむらじきみまろ
ruby_dict_merge	国史跡	くにしせき
ruby_dict_merge	国嘉	くにか
ruby_dict_merge	国境	くにざかい
ruby_dict_merge	国安	くにやす
ruby_dict_merge	国尽	くにづくし
ruby_dict_merge	国慶節	こっけいせつ
ruby_dict_merge	国立	くにたち
ruby_dict_merge	国譲	くにゆずり
ruby_dict_merge	国造	くにのみやつこ
ruby_dict_merge	國紀	くにのり
ruby_dict_merge	土一揆	どいっき
ruby_dict_merge	土代	どだい
ruby_dict_merge	土佐光信	とさみつのぶ
ruby_dict_merge	土佐国	とさのくに
ruby_dict_merge	土器	どき
ruby_dict_merge	土器片	どきへん
ruby_dict_merge	土師	はし
ruby_dict_merge	土方歳三	ひじかたとしぞう
ruby_dict_merge	土方雄久	ひじかたかつひさ
ruby_dict_merge	土産	とさん
ruby_dict_merge	土産物	みやげもの
ruby_dict_merge	土肥	とひ
ruby_dict_merge	土肥原賢二	どひはらけんじ
ruby_dict_merge	土蔵造	どぞうづくり
ruby_dict_merge	土雲	つちぐも
ruby_dict_merge	在五中将	ざいごちゅうじょう
ruby_dict_merge	在原業平	ありわらのなりひら
ruby_dict_merge	在家役	ざいけやく
ruby_dict_merge	地下	じげ
ruby_dict_merge	地下	ぢげ
ruby_dict_merge	地下人	じげにん
ruby_dict_merge	地下請	じげうけ
ruby_dict_merge	地下連歌	じげれんが
ruby_dict_merge	地方	じかた
ruby_dict_merge	地景	ちけい
ruby_dict_merge	地発	じおこし
ruby_dict_merge	地種	ちしゅ
ruby_dict_merge	地頭	じとう
ruby_dict_merge	坂上望城	さかのうえのもちき
ruby_dict_merge	坂上田村麻呂	さかのうえのたむらまろ
ruby_dict_merge	坂本龍馬	さかもとりょうま
ruby_dict_merge	坂東武者	ばんどうむしや
ruby_dict_merge	坂東洋平	ばんどうようへい
ruby_dict_merge	坊主頭	ぼうずあたま
ruby_dict_merge	坪口広史	つぼぐちひろし
ruby_dict_merge	垂氷	たるひ
ruby_dict_merge	垂涎	すいぜん
ruby_dict_merge	埋木	うもれぎ
ruby_dict_merge	執筆	しゆひつ
ruby_dict_merge	執著	しゅうじゃく
ruby_dict_merge	執行	しゆぎやう
ruby_dict_merge	執行草舟	しぎょうそうしゅう
ruby_dict_merge	基址	きし
ruby_dict_merge	基通	もとみち
ruby_dict_merge	基隆	きいるん
ruby_dict_merge	堀口大學	ほりぐちだいがく
ruby_dict_merge	堀口星眠	ほりぐちせいみん
ruby_dict_merge	堀田善衞	ほったよしえ
ruby_dict_merge	堀秀政	ほりひでまさ
ruby_dict_merge	堀秀治	ほりひではる
ruby_dict_merge	堂上連歌	どうじょうれんが
ruby_dict_merge	堂塔	だうたふ
ruby_dict_merge	堂衆	どうしゅ
ruby_dict_merge	堅州国	かたすくに
ruby_dict_merge	堅忍不抜	けんにんふばつ
ruby_dict_merge	堆積岩	たいせきがん
ruby_dict_merge	堆積物	たいせきぶつ
ruby_dict_merge	堤中納言	つつみちゅうなごん
ruby_dict_merge	堪忍	かに
ruby_dict_merge	堯舜	ぎょうしゅん
ruby_dict_merge	堺万紗子	さかいまさこ
ruby_dict_merge	堺市	さかいし
ruby_dict_merge	塔廟	とうびょう
ruby_dict_merge	塗盃	ぬりさかずき
ruby_dict_merge	塙保己一	はなわほきいち
ruby_dict_merge	塙団右衛門	ばんだんえもん
ruby_dict_merge	塚山由太郎	つかやまゆたろう
ruby_dict_merge	塩土老翁	しおつちのおじ
ruby_dict_merge	塩田	えんでん
ruby_dict_merge	塩谷温	しおのやおん
ruby_dict_merge	塩飽	しあく
ruby_dict_merge	塵芥	ちりあくた
ruby_dict_merge	境界	きょうがい
ruby_dict_merge	増田長盛	ましたながもり
ruby_dict_merge	増穂残口	ますほざんこう
ruby_dict_merge	墨摺絵	すみずりえ
ruby_dict_merge	墾田永年私財法	こんでんえいねんしざいのほう
ruby_dict_merge	壊色	えじき
ruby_dict_merge	士大夫	したいふ
ruby_dict_merge	士師記	ししき
ruby_dict_merge	壬二集	みにしゅう
ruby_dict_merge	壬生忠岑	みぶのただみね
ruby_dict_merge	変化	へんげ
ruby_dict_merge	変生	へんせい
ruby_dict_merge	夏安居	げあんご
ruby_dict_merge	夏島	なつしま
ruby_dict_merge	夏島貝塚	なつしまかいづか
ruby_dict_merge	夏目広次	なつめひろつぐ
ruby_dict_merge	夏目漱石	なつめそうせき
ruby_dict_merge	外出	そとで
ruby_dict_merge	外反拇趾	がいはんぼし
ruby_dict_merge	外山正一	とやままさかず
ruby_dict_merge	外崎	とのざき
ruby_dict_merge	外惑星	がいわくせい
ruby_dict_merge	外才	げざい
ruby_dict_merge	外輪山	がいりんざん
ruby_dict_merge	多勢	たぜい
ruby_dict_merge	多賀城市	たがじょうし
ruby_dict_merge	多部空満	たべそらみつ
ruby_dict_merge	夜半	よわ
ruby_dict_merge	夜想曲	やそうきょく
ruby_dict_merge	夜蛾正道	やがまさみち
ruby_dict_merge	夜飯	よめし
ruby_dict_merge	大中臣能宣	おおなかとみのよしのぶ
ruby_dict_merge	大串章	おおぐしあきら
ruby_dict_merge	大久保利通	おおくぼとしみち
ruby_dict_merge	大久保忠世	おおくぼただよ
ruby_dict_merge	大久保忠益	おおくぼただます
ruby_dict_merge	大乗戒壇	だいじょうかいだん
ruby_dict_merge	大事	おおごと
ruby_dict_merge	大事件	だいじけん
ruby_dict_merge	大人	たいじん
ruby_dict_merge	大仙院	だいせんいん
ruby_dict_merge	大伯皇女	おおくのひめみこ
ruby_dict_merge	大伴古麻呂	おおとものこまろ
ruby_dict_merge	大伴坂上郎女	おおとものさかのうえのいらつめ
ruby_dict_merge	大伴家持	おおとものやかもち
ruby_dict_merge	大伴旅人	おおとものたびと
ruby_dict_merge	大倉喜八郎	おおくらきはちろう
ruby_dict_merge	大倭	おおやまと
ruby_dict_merge	大八島国	おおやしまぐに
ruby_dict_merge	大八洲	おおやしま
ruby_dict_merge	大八洲国	おおやしまぐに
ruby_dict_merge	大兼久	おおがねく
ruby_dict_merge	大刀	だいとう
ruby_dict_merge	大力	だいぢから
ruby_dict_merge	大勢	おほぜい
ruby_dict_merge	大勢	たいせい
ruby_dict_merge	大原今城	おおはらのいまき
ruby_dict_merge	大友康平	おおともこうへい
ruby_dict_merge	大名	だいみやう
ruby_dict_merge	大和三山	やまとさんざん
ruby_dict_merge	大和俗訓	やまとぞくくん
ruby_dict_merge	大和和紀	やまとわき
ruby_dict_merge	大和国	やまとのくに
ruby_dict_merge	大和心	やまとごころ
ruby_dict_merge	大和敢助	やまとかんすけ
ruby_dict_merge	大和物語	やまとものがたり
ruby_dict_merge	大和絵	やまとえ
ruby_dict_merge	大和路	やまとじ
ruby_dict_merge	大嘗	おおなめ
ruby_dict_merge	大嘗	おおにえ
ruby_dict_merge	大嘗	おほにへ
ruby_dict_merge	大嘗会役	だいじょうえやく
ruby_dict_merge	大嘗祭	だいじょうさい
ruby_dict_merge	大国	おおくに
ruby_dict_merge	大国	おほくに
ruby_dict_merge	大国主	おほくにぬし
ruby_dict_merge	大国主神	おおくにぬしのかみ
ruby_dict_merge	大地	だいぢ
ruby_dict_merge	大地母神	だいちぼしん
ruby_dict_merge	大地溝帯	だいちこうたい
ruby_dict_merge	大坂	おおざか
ruby_dict_merge	大堰川	おおいがわ
ruby_dict_merge	大塚末子	おおつかすえこ
ruby_dict_merge	大天狗	ダイテング
ruby_dict_merge	大太刀	おほだち
ruby_dict_merge	大夫	たいふ
ruby_dict_merge	大夫判官	たゆうのほうがん
ruby_dict_merge	大学或問	だいがくわくもん
ruby_dict_merge	大学頭	だいがくのかみ
ruby_dict_merge	大官大寺	だいかんだいじ
ruby_dict_merge	大室屋	おほむろや
ruby_dict_merge	大宰	たいさい
ruby_dict_merge	大宰権帥	だざいのごんのそつ
ruby_dict_merge	大家	たいか
ruby_dict_merge	大将軍	たいしやうぐん
ruby_dict_merge	大山	おおやま
ruby_dict_merge	大己貴神	おおなむちのかみ
ruby_dict_merge	大師	たいし
ruby_dict_merge	大平	おおだい
ruby_dict_merge	大平正芳	おおひらまさよし
ruby_dict_merge	大年神	おおとしのかみ
ruby_dict_merge	大床	おほゆか
ruby_dict_merge	大店法	だいてんほう
ruby_dict_merge	大庭景親	おおばのかげちか
ruby_dict_merge	大廟	たいびょう
ruby_dict_merge	大御神	おほみかみ
ruby_dict_merge	大徳寺	だいとくじ
ruby_dict_merge	大戦争	だいせんそう
ruby_dict_merge	大手	おほで
ruby_dict_merge	大掃除	おおそうじ
ruby_dict_merge	大摺上	おほすりあげ
ruby_dict_merge	大政	おおまさ
ruby_dict_merge	大政奉還	たいせいほうかん
ruby_dict_merge	大新聞	おおしんぶん
ruby_dict_merge	大旋風	だいせんぷう
ruby_dict_merge	大日如来	だいにちにょらい
ruby_dict_merge	大明	だいみょう
ruby_dict_merge	大智	だいち
ruby_dict_merge	大曲	おおまがり
ruby_dict_merge	大来皇女	おおくのひめみこ
ruby_dict_merge	大極殿	だいごくでん
ruby_dict_merge	大槻玄沢	おおつきげんたく
ruby_dict_merge	大歌所	おおうたどころ
ruby_dict_merge	大歓迎	だいかんげい
ruby_dict_merge	大殿	おほとの
ruby_dict_merge	大江広元	おおえのひろもと
ruby_dict_merge	大江朝綱	おおえのあさつな
ruby_dict_merge	大沽	タークー
ruby_dict_merge	大津皇子	おおつのみこ
ruby_dict_merge	大洪水	だいこうずい
ruby_dict_merge	大活躍	だいかつやく
ruby_dict_merge	大浪	おほなみ
ruby_dict_merge	大海人皇子	おおあまのおうじ
ruby_dict_merge	大海原	おおうなばら
ruby_dict_merge	大滝悟郎	おおたきごろう
ruby_dict_merge	大熊	おおくま
ruby_dict_merge	大物	だいもつ
ruby_dict_merge	大物主神	おおものぬしのかみ
ruby_dict_merge	大王	おおきみ
ruby_dict_merge	大理石	だいりせき
ruby_dict_merge	大田南畝	おおたなんぽ
ruby_dict_merge	大田實	おおたみのる
ruby_dict_merge	大田文	おおたぶみ
ruby_dict_merge	大田昌秀	おおたまさひで
ruby_dict_merge	大田植	おおたうえ
ruby_dict_merge	大田皇女	おおたのひめみこ
ruby_dict_merge	大盤	だいばん
ruby_dict_merge	大盤振舞	おおばんぶるまい
ruby_dict_merge	大盤石	だいばんじやく
ruby_dict_merge	大相撲	おおずもう
ruby_dict_merge	大祓詞	おおはらえのことば
ruby_dict_merge	大神	おおかみ
ruby_dict_merge	大神	おおみかみ
ruby_dict_merge	大神	おほみわ
ruby_dict_merge	大神通	だいじんづう
ruby_dict_merge	大童	おほわらは
ruby_dict_merge	大納会	だいのうかい
ruby_dict_merge	大納言	だいなごん
ruby_dict_merge	大納言経信	だいなごんつねのぶ
ruby_dict_merge	大腿部	だいたいぶ
ruby_dict_merge	大航海	だいこうかい
ruby_dict_merge	大蔵卿	おおくらきょう
ruby_dict_merge	大蔵永常	おおくらながつね
ruby_dict_merge	大角修	おおかどおさむ
ruby_dict_merge	大谷光瑩	おおたにこうえい
ruby_dict_merge	大谷刑部	おおたにぎょうぶ
ruby_dict_merge	大谷吉治	おおたによしはる
ruby_dict_merge	大谷吉継	おおたによしつぐ
ruby_dict_merge	大谷石	おおやいし
ruby_dict_merge	大赦	たいしや
ruby_dict_merge	大輔	たいふ
ruby_dict_merge	大違	おおちがい
ruby_dict_merge	大野晋	おおのすすむ
ruby_dict_merge	大野林火	おおのりんか
ruby_dict_merge	大野治長	おおのはるなが
ruby_dict_merge	大野美代子	おおのみよこ
ruby_dict_merge	大釜	おおがま
ruby_dict_merge	大鋸	おおが
ruby_dict_merge	大鎌	おおがま
ruby_dict_merge	大長刀	おおなぎなた
ruby_dict_merge	大隈言道	おおくまことみち
ruby_dict_merge	大隈重信	おおくましげのぶ
ruby_dict_merge	大音	だいおん
ruby_dict_merge	大音声	だいおんじやう
ruby_dict_merge	大音声	だいおんじよう
ruby_dict_merge	大領	だいりやう
ruby_dict_merge	大願	だいぐわん
ruby_dict_merge	大馬鹿	おおばか
ruby_dict_merge	天下	あめのした
ruby_dict_merge	天久	あめく
ruby_dict_merge	天保度	てんぽうど
ruby_dict_merge	天児屋根命	あめのこやねのみこと
ruby_dict_merge	天台座主	てんだいざす
ruby_dict_merge	天地	あめつち
ruby_dict_merge	天孫降臨	てんそんこうりん
ruby_dict_merge	天寵	てんちょう
ruby_dict_merge	天寿国繡帳	てんじゅこくしゅうちょう
ruby_dict_merge	天平時代	てんぴょうじだい
ruby_dict_merge	天文	てんぶん
ruby_dict_merge	天朝田畝制度	てんちょうでんぽせいど
ruby_dict_merge	天津神	あまつかみ
ruby_dict_merge	天津麻羅	あまつまら
ruby_dict_merge	天海	てんかい
ruby_dict_merge	天照大神	あまてらすおおみかみ
ruby_dict_merge	天皇	すめらみこと
ruby_dict_merge	天皇	てんわう
ruby_dict_merge	天目一箇神	あめのまひとつのかみ
ruby_dict_merge	天眼	てんげん
ruby_dict_merge	天磐船	あまのいわふね
ruby_dict_merge	天神原	てんじんばら
ruby_dict_merge	天竺	てんぢく
ruby_dict_merge	天竺様	てんじくよう
ruby_dict_merge	天草四郎	あまくさしろう
ruby_dict_merge	天衣無縫	てんいむほう
ruby_dict_merge	天辺	てんぺん
ruby_dict_merge	天降川	あもりがわ
ruby_dict_merge	天雲	あまぐも
ruby_dict_merge	天馬賢三	てんまけんぞう
ruby_dict_merge	太上天皇	だいじょうてんのう
ruby_dict_merge	太太	たいたい
ruby_dict_merge	太安万侶	おおのやすまろ
ruby_dict_merge	太宰府天満宮	だざいふてんまんぐう
ruby_dict_merge	太宰春台	だざいしゅんだい
ruby_dict_merge	太宰治	だざいおさむ
ruby_dict_merge	太平記	たいへいき
ruby_dict_merge	太政大臣	ダイジヤウダイジン
ruby_dict_merge	太政官	だいじょうかん
ruby_dict_merge	太政官	だじょうかん
ruby_dict_merge	太田和彦	おおたかずひこ
ruby_dict_merge	太田梨歩	おおたりほ
ruby_dict_merge	太郎	たらう
ruby_dict_merge	太陽	たいやう
ruby_dict_merge	太陽系	たいようけい
ruby_dict_merge	夫子	せこ
ruby_dict_merge	夫役	ぶやく
ruby_dict_merge	夭夭	ようよう
ruby_dict_merge	失楽園	しつらくえん
ruby_dict_merge	夾雑物	きょうざつぶつ
ruby_dict_merge	奇岩怪石	きがんかいせき
ruby_dict_merge	奥処	おくが
ruby_dict_merge	奥州藤原氏	おうしゅうふじわらし
ruby_dict_merge	奥義	おくぎ
ruby_dict_merge	奥義抄	おうぎしょう
ruby_dict_merge	奥能登	おくのと
ruby_dict_merge	奥院	おくのいん
ruby_dict_merge	女丈夫	じょじょうふ
ruby_dict_merge	女大学	おんなだいがく
ruby_dict_merge	女奴	めやつこ
ruby_dict_merge	女御	にようご
ruby_dict_merge	女房	にようばう
ruby_dict_merge	女神像	めがみぞう
ruby_dict_merge	女護島	にょごのしま
ruby_dict_merge	女餓鬼	めがき
ruby_dict_merge	女鹿	めが
ruby_dict_merge	奴婢	ぬひ
ruby_dict_merge	奴等	やつら
ruby_dict_merge	好々爺	こうこうや
ruby_dict_merge	好事家	こうずか
ruby_dict_merge	好古	よしふる
ruby_dict_merge	好奇心	こうきしん
ruby_dict_merge	好色一代男	こうしょくいちだいおとこ
ruby_dict_merge	如何	いか
ruby_dict_merge	如何	どう
ruby_dict_merge	如意輪観音	にょいりんかんのん
ruby_dict_merge	如月	にょげつ
ruby_dict_merge	如来	によらい
ruby_dict_merge	妄心	まうしん
ruby_dict_merge	妄想	もうぞう
ruby_dict_merge	妙喜庵	みょうきあん
ruby_dict_merge	妥当性	だとうせい
ruby_dict_merge	妻問婚	つまどいこん
ruby_dict_merge	姉弟	きょうだい
ruby_dict_merge	始皇帝	しこうてい
ruby_dict_merge	始終	しじゆう
ruby_dict_merge	姚興	ようこう
ruby_dict_merge	姨捨山	おばすてやま
ruby_dict_merge	姨捨山	をばすてやま
ruby_dict_merge	姫神山	ひめがみやま
ruby_dict_merge	姫神琴子	ひめがみことこ
ruby_dict_merge	娑婆	しやば
ruby_dict_merge	娑羅双樹	しやらさうじゆ
ruby_dict_merge	娘御	むすめご
ruby_dict_merge	婚約者	こんやくしゃ
ruby_dict_merge	媾合	こうごう
ruby_dict_merge	嫉妬心	しっとしん
ruby_dict_merge	嫡孫	ちやくそん
ruby_dict_merge	嫡男	ちやくなん
ruby_dict_merge	子供衆	こどもし
ruby_dict_merge	子午線	しごせん
ruby_dict_merge	子夏	しか
ruby_dict_merge	子張	しちょう
ruby_dict_merge	子有	しゆう
ruby_dict_merge	子母澤寛	しもざわかん
ruby_dict_merge	子游	しゆう
ruby_dict_merge	子牛健児	こうしこでい
ruby_dict_merge	子産	こむ
ruby_dict_merge	子福者	こぶくしゃ
ruby_dict_merge	孔門	こうもん
ruby_dict_merge	孔雀羊歯	くじゃくしだ
ruby_dict_merge	孔鯉	こうり
ruby_dict_merge	孝宗	ヒョジョン
ruby_dict_merge	孝雄	よしお
ruby_dict_merge	孝養	きょうよう
ruby_dict_merge	孝養	けうやう
ruby_dict_merge	孟珙	もうきょう
ruby_dict_merge	季路	きろ
ruby_dict_merge	学生	がくしょう
ruby_dict_merge	孫悟空	そんごくう
ruby_dict_merge	宇佐神宮	うさじんぐう
ruby_dict_merge	宇佐美魚目	うさみぎょもく
ruby_dict_merge	宇喜多秀家	うきたひでいえ
ruby_dict_merge	宇宙航空研究開発機構	うちゅうこうくうけんきゅうかいはつきこう
ruby_dict_merge	宇宙船	うちゅうせん
ruby_dict_merge	宇宙飛行士	うちゅうひこうし
ruby_dict_merge	宇津保	うつぼ
ruby_dict_merge	宇都宮頼綱	うつのみやよりつな
ruby_dict_merge	宇野宗佑	うのそうすけ
ruby_dict_merge	宇髄天元	うずいてんげん
ruby_dict_merge	守旧派	しゅきゅうは
ruby_dict_merge	守礼門	しゅれいもん
ruby_dict_merge	守覚法親王	しゅかくほうしんのう
ruby_dict_merge	安丸良夫	やすまるよしお
ruby_dict_merge	安久黒奈	やすひさくろな
ruby_dict_merge	安倍晋三	あべしんぞう
ruby_dict_merge	安倍晴明	あべのせいめい
ruby_dict_merge	安国寺恵瓊	あんこくじえけい
ruby_dict_merge	安土桃山	あづちももやま
ruby_dict_merge	安室奈美恵	あむろなみえ
ruby_dict_merge	安富祖	あふそ
ruby_dict_merge	安心	あんじん
ruby_dict_merge	安息日	あんそくにち
ruby_dict_merge	安慶	あんけい
ruby_dict_merge	安来節	やすぎぶし
ruby_dict_merge	安東金氏	アンドンキムシ
ruby_dict_merge	安河	やすのかは
ruby_dict_merge	安河	やすのかわ
ruby_dict_merge	安芸国	あきのくに
ruby_dict_merge	安藤昌益	あんどうしょうえき
ruby_dict_merge	安貞	やすさだ
ruby_dict_merge	安部慎一	あべしんいち
ruby_dict_merge	宍道湖	しんじこ
ruby_dict_merge	宗像和重	むなかたかずしげ
ruby_dict_merge	官人	くわんにん
ruby_dict_merge	官物	かんもつ
ruby_dict_merge	官能的	かんのうてき
ruby_dict_merge	定免法	じょうめんほう
ruby_dict_merge	定慶	じょうけい
ruby_dict_merge	定田	じょうでん
ruby_dict_merge	定覚	じょうかく
ruby_dict_merge	実叉難陀	じっしゃなんだ
ruby_dict_merge	実否	じつぷ
ruby_dict_merge	実在性	じつざいせい
ruby_dict_merge	実美	さねとみ
ruby_dict_merge	客待	きゃくまち
ruby_dict_merge	客観	かくかん
ruby_dict_merge	宣明暦	せんみょうれき
ruby_dict_merge	宣祖	ソンジョ
ruby_dict_merge	室家	しっか
ruby_dict_merge	室淵剛三	むろぶちごうぞう
ruby_dict_merge	室鳩巣	むろきゅうそう
ruby_dict_merge	宮内	みやうち
ruby_dict_merge	宮城郡	みやぎぐん
ruby_dict_merge	宮崎安貞	みやざきやすさだ
ruby_dict_merge	宮崎道三郎	みやざきみちさぶろう
ruby_dict_merge	宮本武蔵	みやもとむさし
ruby_dict_merge	宮本由美	みやもとゆみ
ruby_dict_merge	宮本輝	みやもとてる
ruby_dict_merge	宮沢喜一	みやざわきいち
ruby_dict_merge	宮沢賢治	みやざわけんじ
ruby_dict_merge	宮牆	きゅうしょう
ruby_dict_merge	宮負定雄	みやおいさだお
ruby_dict_merge	宮部寸七翁	みやべすなお
ruby_dict_merge	宰我	さいが
ruby_dict_merge	宵宮	よみや
ruby_dict_merge	家主	いえぬし
ruby_dict_merge	家入硝子	いえいりしょうこ
ruby_dict_merge	家子郎等	いへのこらうどう
ruby_dict_merge	家永三郎	いえながさぶろう
ruby_dict_merge	家畜化	かちくか
ruby_dict_merge	家系図	かけいず
ruby_dict_merge	家長	いえなが
ruby_dict_merge	容閎	ようこう
ruby_dict_merge	宿曜道	すくようどう
ruby_dict_merge	宿諾	しゅくだく
ruby_dict_merge	寂寞	じやくまく
ruby_dict_merge	寂寞	せきばく
ruby_dict_merge	寂寥感	せきりょうかん
ruby_dict_merge	密陀僧	みつだそう
ruby_dict_merge	富士川	ふじがは
ruby_dict_merge	富士町	ふじちょう
ruby_dict_merge	富士谷成章	ふじたになりあきら
ruby_dict_merge	富安風生	とみやすふうせい
ruby_dict_merge	富永仲基	とみながなかもと
ruby_dict_merge	富良太志	ふらたいし
ruby_dict_merge	富貴寺	ふきじ
ruby_dict_merge	富貴寺	ふきでら
ruby_dict_merge	寒山拾得	かんざんじっとく
ruby_dict_merge	寒気	さむけ
ruby_dict_merge	寒稽古	かんげいこ
ruby_dict_merge	寓話集	ぐうわしゅう
ruby_dict_merge	寛仁	かんじん
ruby_dict_merge	寛喜	かんぎ
ruby_dict_merge	寛衣	かんい
ruby_dict_merge	寝殿造	しんでんづくり
ruby_dict_merge	寧楽	なら
ruby_dict_merge	寧波	ニンポー
ruby_dict_merge	寸々	ずたずた
ruby_dict_merge	寺井	てらゐ
ruby_dict_merge	対位法	たいいほう
ruby_dict_merge	対手	あいて
ruby_dict_merge	対手	もこ
ruby_dict_merge	対聯	たいれん
ruby_dict_merge	寿者	じゅしゃ
ruby_dict_merge	専修念仏	せんじゅねんぶつ
ruby_dict_merge	専門的	せんもんてき
ruby_dict_merge	射手	しゃしゅ
ruby_dict_merge	将軍	しやうぐん
ruby_dict_merge	将門記	しょうもんき
ruby_dict_merge	小乱	こみだれ
ruby_dict_merge	小人	しょうじん
ruby_dict_merge	小便	せうべん
ruby_dict_merge	小倉	こくら
ruby_dict_merge	小倉	をぐら
ruby_dict_merge	小冠者	こくわんじや
ruby_dict_merge	小出粲	こいでつばら
ruby_dict_merge	小千谷縮	おぢやちぢみ
ruby_dict_merge	小原女	おはらめ
ruby_dict_merge	小名	せうみやう
ruby_dict_merge	小国玄斎	おぐにげんさい
ruby_dict_merge	小坂依子	こさかよりこ
ruby_dict_merge	小家	こいえ
ruby_dict_merge	小山	おやま
ruby_dict_merge	小山田	おやまだの
ruby_dict_merge	小島	こしま
ruby_dict_merge	小島信夫	こじまのぶお
ruby_dict_merge	小嶋元太	こじまげんた
ruby_dict_merge	小平奈緒	こだいらなお
ruby_dict_merge	小庭	こには
ruby_dict_merge	小式部内侍	こしきぶのないし
ruby_dict_merge	小径	こみち
ruby_dict_merge	小惑星	しょうわくせい
ruby_dict_merge	小文	こぶみ
ruby_dict_merge	小新聞	こしんぶん
ruby_dict_merge	小日向夢	こひなたゆめ
ruby_dict_merge	小早川秀秋	こばやかわひであき
ruby_dict_merge	小時	しょうじ
ruby_dict_merge	小林一茶	こばやしいっさ
ruby_dict_merge	小林賢也	こばやしけんや
ruby_dict_merge	小林達雄	こばやしたつお
ruby_dict_merge	小柳	おやなぎ
ruby_dict_merge	小栗判官	おぐりはんがん
ruby_dict_merge	小栗風葉	おぐりふうよう
ruby_dict_merge	小櫃川	おびつがわ
ruby_dict_merge	小池百合子	こいけゆりこ
ruby_dict_merge	小沢一郎	おざわいちろう
ruby_dict_merge	小河内	おごうち
ruby_dict_merge	小泉八雲	こいずみやくも
ruby_dict_merge	小泉純一郎	こいずみじゅんいちろう
ruby_dict_merge	小津安二郎	おづやすじろう
ruby_dict_merge	小渕恵三	おぶちけいぞう
ruby_dict_merge	小溝	おみぞ
ruby_dict_merge	小熊英二	おぐまえいじ
ruby_dict_merge	小物成	こものなり
ruby_dict_merge	小町集	こまちしゅう
ruby_dict_merge	小畑弘己	おばたひろき
ruby_dict_merge	小磯国昭	こいそくにあき
ruby_dict_merge	小笠原晴香	おがさわらはるか
ruby_dict_merge	小筥	こばこ
ruby_dict_merge	小羊	こひつじ
ruby_dict_merge	小菅	こすげ
ruby_dict_merge	小西行長	こにしゆきなが
ruby_dict_merge	小谷	こたに
ruby_dict_merge	小遣銭	こづかいせん
ruby_dict_merge	小野	をの
ruby_dict_merge	小野妹子	おののいもこ
ruby_dict_merge	小野小町	おののこまち
ruby_dict_merge	小野篁	おののたかむら
ruby_dict_merge	小野道風	おののとうふう
ruby_dict_merge	小雅	しょうが
ruby_dict_merge	小面	こづら
ruby_dict_merge	小風呂敷	こぶろしき
ruby_dict_merge	少名	すくな
ruby_dict_merge	少将	せうしやう
ruby_dict_merge	少年	せうねん
ruby_dict_merge	少彦名	すくなひこな
ruby_dict_merge	少彦名	すくなびこな
ruby_dict_merge	少者	しょうしゃ
ruby_dict_merge	尖閣諸島	せんかくしょとう
ruby_dict_merge	尚歯会	しょうしかい
ruby_dict_merge	尼子	あまご
ruby_dict_merge	尾形光琳	おがたこうりん
ruby_dict_merge	尾白猿夫	おじろましらお
ruby_dict_merge	尾羽	おばね
ruby_dict_merge	尾羽	をは
ruby_dict_merge	尾身幸次	おみこうじ
ruby_dict_merge	尾骶骨	びていこつ
ruby_dict_merge	居丈高	いたけだか
ruby_dict_merge	居場所	いばしょ
ruby_dict_merge	居家	いや
ruby_dict_merge	屎鮒	くそぶな
ruby_dict_merge	屛風歌	びょうぶうた
ruby_dict_merge	屯田兵	とんでんへい
ruby_dict_merge	山上憶良	やまのうえのおくら
ruby_dict_merge	山上樹実雄	やまがみきみお
ruby_dict_merge	山下	やまもと
ruby_dict_merge	山内	やまのうち
ruby_dict_merge	山内一豊	やまうちかつとよ
ruby_dict_merge	山内一豊	やまのうちかずとよ
ruby_dict_merge	山処	やまと
ruby_dict_merge	山口大口	やまぐちのおおぐち
ruby_dict_merge	山口草堂	やまぐちそうどう
ruby_dict_merge	山口誓子	やまぐちせいし
ruby_dict_merge	山口那津男	やまぐちなつお
ruby_dict_merge	山口青邨	やまぐちせいそん
ruby_dict_merge	山名宗全	やまなそうぜん
ruby_dict_merge	山城	やましろ
ruby_dict_merge	山城国	やましろのくに
ruby_dict_merge	山城理音	やましろりおん
ruby_dict_merge	山家学生式	さんげがくしょうしき
ruby_dict_merge	山家集	さんかしゅう
ruby_dict_merge	山崎闇斎	やまざきあんさい
ruby_dict_merge	山川	やまかは
ruby_dict_merge	山川	やまがわ
ruby_dict_merge	山幸彦	やまさちびこ
ruby_dict_merge	山形孝夫	やまがたたかお
ruby_dict_merge	山折哲雄	やまおりてつお
ruby_dict_merge	山本由美	やまもとゆみ
ruby_dict_merge	山東京伝	さんとうきょうでん
ruby_dict_merge	山椒大夫	さんしょうだゆう
ruby_dict_merge	山水屛風	せんずいびょうぶ
ruby_dict_merge	山田寺	やまだでら
ruby_dict_merge	山田詠美	やまだえいみ
ruby_dict_merge	山田風太郎	やまだふうたろう
ruby_dict_merge	山県大弐	やまがただいに
ruby_dict_merge	山県昌景	やまがたまさかげ
ruby_dict_merge	山県有朋	やまがたありとも
ruby_dict_merge	山窟	さんくつ
ruby_dict_merge	山縣有朋	やまがたありとも
ruby_dict_merge	山背大兄王	やましろのおおえのおう
ruby_dict_merge	山脇東洋	やまわきとうよう
ruby_dict_merge	山花貞夫	やまはなさだお
ruby_dict_merge	山辺丈夫	やまのべたけお
ruby_dict_merge	山道	やまぢ
ruby_dict_merge	山部赤人	やまべのあかひと
ruby_dict_merge	山野	さんや
ruby_dict_merge	山陰	せんおん
ruby_dict_merge	山鹿素行	やまがそこう
ruby_dict_merge	屹度	きつと
ruby_dict_merge	岑雄	みねお
ruby_dict_merge	岡崎三郎	おかざきさぶろう
ruby_dict_merge	岡本夏生	おかもとなつき
ruby_dict_merge	岡本来夢	おかもとらいむ
ruby_dict_merge	岡本綺堂	おかもときどう
ruby_dict_merge	岡田克也	おかだかつや
ruby_dict_merge	岡部元信	おかべもとのぶ
ruby_dict_merge	岩代	いはしろ
ruby_dict_merge	岩倉具視	いわくらともみ
ruby_dict_merge	岩城	いわぎ
ruby_dict_merge	岩手山	いわてさん
ruby_dict_merge	岩木	いはき
ruby_dict_merge	岩根	いはね
ruby_dict_merge	岩橋智樹	いわはしともき
ruby_dict_merge	岩畔	いわくろ
ruby_dict_merge	岩見重太郎	いわみじゅうたろう
ruby_dict_merge	岳州	がくしゅう
ruby_dict_merge	岸田文雄	きしだふみお
ruby_dict_merge	岸部海松	きしべみる
ruby_dict_merge	峰不二子	みねふじこ
ruby_dict_merge	島地黙雷	しまじもくらい
ruby_dict_merge	島津斉彬	しまづなりあきら
ruby_dict_merge	島津義弘	しまづよしひろ
ruby_dict_merge	島田一郎	しまだいちろう
ruby_dict_merge	島田秀雄	しまだひでお
ruby_dict_merge	崇元寺	そうげんじ
ruby_dict_merge	崇禎帝	すうていてい
ruby_dict_merge	崩御	ほうぎよ
ruby_dict_merge	嵌合暗翳庭	かんごうあんえいてい
ruby_dict_merge	巌本善治	いわもとよしはる
ruby_dict_merge	巌泉	がんせん
ruby_dict_merge	巌谷小波	いわやさざなみ
ruby_dict_merge	川原寺	かわらでら
ruby_dict_merge	川島武宜	かわしまたけよし
ruby_dict_merge	川端康成	かわばたやすなり
ruby_dict_merge	川縁	かわべり
ruby_dict_merge	川路利良	かわじとしよし
ruby_dict_merge	川路聖謨	かわじとしあきら
ruby_dict_merge	川隈	かはくま
ruby_dict_merge	川﨑麻世	かわさきまよ
ruby_dict_merge	工藤平助	くどうへいすけ
ruby_dict_merge	左右	さう
ruby_dict_merge	左右田喜一郎	そうだきいちろう
ruby_dict_merge	左大臣	さだいじん
ruby_dict_merge	左宗棠	さそうとう
ruby_dict_merge	左手	ゆんで
ruby_dict_merge	左馬頭	さまのかみ
ruby_dict_merge	巧笑	こうしょう
ruby_dict_merge	巧言令色	こうげんれいしょく
ruby_dict_merge	巨兵海賊団	きょへいかいぞくだん
ruby_dict_merge	巨鳥	きょちょう
ruby_dict_merge	差別	しゃべつ
ruby_dict_merge	巻煙草	まきたばこ
ruby_dict_merge	市場	いちば
ruby_dict_merge	布瀬	ふせ
ruby_dict_merge	布袋	ぬのぶくろ
ruby_dict_merge	帆船	はんせん
ruby_dict_merge	希代	きだい
ruby_dict_merge	希塩酸	きえんさん
ruby_dict_merge	帝国憲法	ていこくけんぽう
ruby_dict_merge	帝王学	ていおうがく
ruby_dict_merge	帝祖	ていそ
ruby_dict_merge	師家	しけ
ruby_dict_merge	師旅	しりょ
ruby_dict_merge	師長	もろなが
ruby_dict_merge	帯金具	おびかなぐ
ruby_dict_merge	帰趣	きしゅ
ruby_dict_merge	常世国	とこよのくに
ruby_dict_merge	常勝軍	じょうしょうぐん
ruby_dict_merge	常日頃	つねひごろ
ruby_dict_merge	常治	じょうじ
ruby_dict_merge	常磐津節	ときわづぶし
ruby_dict_merge	常荒	じょうこう
ruby_dict_merge	常陸国	ひたちのくに
ruby_dict_merge	常陸国風土記	ひたちのくにふどき
ruby_dict_merge	幕間	まくま
ruby_dict_merge	干支	えと
ruby_dict_merge	平中	へいちゅう
ruby_dict_merge	平仲	へいちゅう
ruby_dict_merge	平兼盛	たいらのかねもり
ruby_dict_merge	平内左衛門	へいないざえもん
ruby_dict_merge	平出修	ひらいでしゅう
ruby_dict_merge	平南	へいなん
ruby_dict_merge	平城	へいじょう
ruby_dict_merge	平城	へいぜい
ruby_dict_merge	平宗盛	たいらのむねもり
ruby_dict_merge	平家貞	たいらのいえさだ
ruby_dict_merge	平将門	たいらのまさかど
ruby_dict_merge	平尾澄子	ひらおすみこ
ruby_dict_merge	平岩親吉	ひらいわちかよし
ruby_dict_merge	平康頼	たいらのやすより
ruby_dict_merge	平忠度	たいらのただのり
ruby_dict_merge	平忠盛	たいらのただもり
ruby_dict_merge	平手政秀	ひらてまさひで
ruby_dict_merge	平攻	ひらぜめ
ruby_dict_merge	平時忠	たいらのときただ
ruby_dict_merge	平正盛	たいらのまさもり
ruby_dict_merge	平治	へいぢ
ruby_dict_merge	平清盛	たいらのきよもり
ruby_dict_merge	平生釟三郎	ひらおはちさぶろう
ruby_dict_merge	平田東助	ひらたとうすけ
ruby_dict_merge	平田篤胤	ひらたあつたね
ruby_dict_merge	平知盛	たいらのとももり
ruby_dict_merge	平等院	びょうどういん
ruby_dict_merge	平維盛	たいらのこれもり
ruby_dict_merge	平肉	ひらにく
ruby_dict_merge	平資盛	たいらのすけもり
ruby_dict_merge	平重衡	たいらのしげひら
ruby_dict_merge	平野寿将	ひらのひさま
ruby_dict_merge	年毎	としごと
ruby_dict_merge	幸代	さちよ
ruby_dict_merge	幸夫	さちお
ruby_dict_merge	幸島	こうじま
ruby_dict_merge	幸徳秋水	こうとくしゅうすい
ruby_dict_merge	幸田成友	こうだしげとも
ruby_dict_merge	幸田文	こうだあや
ruby_dict_merge	幼学	ようがく
ruby_dict_merge	幼稚園	ようちえん
ruby_dict_merge	幽微	ゆうび
ruby_dict_merge	幽霊船	ゆうれいせん
ruby_dict_merge	幾度	いくたび
ruby_dict_merge	幾星霜	いくせいそう
ruby_dict_merge	幾重	いくえ
ruby_dict_merge	広川町	ひろがわちょう
ruby_dict_merge	広東語	カントンご
ruby_dict_merge	広津柳浪	ひろつりゅうろう
ruby_dict_merge	広長舌	こうちょうぜつ
ruby_dict_merge	広開土王	こうかいどおう
ruby_dict_merge	庄官	しょうかん
ruby_dict_merge	店借人	たなかりにん
ruby_dict_merge	庚戌	かのえいぬ
ruby_dict_merge	度毎	たびごと
ruby_dict_merge	度羅楽	とらがく
ruby_dict_merge	座敷着	ざしきぎ
ruby_dict_merge	座蒲団	ざぶとん
ruby_dict_merge	庭園	ていゑん
ruby_dict_merge	庭訓往来	ていきんおうらい
ruby_dict_merge	康和	かうわ
ruby_dict_merge	康熙帝	こうきてい
ruby_dict_merge	廃仏毀釈	はいぶつきしゃく
ruby_dict_merge	廃棄物	はいきぶつ
ruby_dict_merge	廬州	ろしゅう
ruby_dict_merge	廬舎那	るさな
ruby_dict_merge	廬舎那仏	るしゃなぶつ
ruby_dict_merge	延喜式	えんぎしき
ruby_dict_merge	延慶	えんぎょう
ruby_dict_merge	延暦寺	えんりゃくじ
ruby_dict_merge	延暦寺	えんりやくじ
ruby_dict_merge	建礼門	けんれいもん
ruby_dict_merge	建礼門院	けんれいもんいん
ruby_dict_merge	建築家	けんちくか
ruby_dict_merge	建長寺	けんちょうじ
ruby_dict_merge	弁才船	べんざいせん
ruby_dict_merge	式亭三馬	しきていさんば
ruby_dict_merge	式部卿	しきぶきやう
ruby_dict_merge	弓弦	ゆんづる
ruby_dict_merge	引石健磁	ひきいしけんじ
ruby_dict_merge	弘法清水	こうぼうしみず
ruby_dict_merge	弘福寺	こうふくじ
ruby_dict_merge	弘道館	こうどうかん
ruby_dict_merge	弛緩	ちかん
ruby_dict_merge	弟子	ていし
ruby_dict_merge	弥五右衛門	やごえもん
ruby_dict_merge	弥勒仏	みろくぶつ
ruby_dict_merge	弥勒菩薩	みろくぼさつ
ruby_dict_merge	弦袋	つるぶくろ
ruby_dict_merge	張世傑	ちょうせいけつ
ruby_dict_merge	張作霖	ちょうさくりん
ruby_dict_merge	張国樑	ちょうこくりょう
ruby_dict_merge	張成沢	チャンソンテク
ruby_dict_merge	張継	ちょうけい
ruby_dict_merge	張邦昌	ちょうほうしょう
ruby_dict_merge	強弓	つよゆみ
ruby_dict_merge	形而上学	けいじじょうがく
ruby_dict_merge	形骸化	けいがいか
ruby_dict_merge	彦名	ひこな
ruby_dict_merge	彫刻家	ちょうこくか
ruby_dict_merge	彬彬	ひんぴん
ruby_dict_merge	彭徳懐	ほうとくかい
ruby_dict_merge	彰子	しょうし
ruby_dict_merge	影佐禎昭	かげささだあき
ruby_dict_merge	役夫工米	やくぶくまい
ruby_dict_merge	往来物	おうらいもの
ruby_dict_merge	往生要集	おうじょうようしゅう
ruby_dict_merge	待降節	たいこうせつ
ruby_dict_merge	後世	ごせ
ruby_dict_merge	後宮	こうきゆう
ruby_dict_merge	後徳大寺	ごとくだいじ
ruby_dict_merge	後手	うしろで
ruby_dict_merge	後拾遺集	ごしゅういしゅう
ruby_dict_merge	後撰集	ごせんしゅう
ruby_dict_merge	後日談	ごじつだん
ruby_dict_merge	後浜	あとはま
ruby_dict_merge	後添	のちぞい
ruby_dict_merge	後生	ごしょう
ruby_dict_merge	後白河法皇	ごしらかわほうおう
ruby_dict_merge	後白河院	ごしらかわいん
ruby_dict_merge	後知恵	あとぢえ
ruby_dict_merge	後藤卓也	ごとうたくや
ruby_dict_merge	後藤又兵衛	ごとうまたべえ
ruby_dict_merge	後藤清臣	ごとうきよおみ
ruby_dict_merge	後藤田正晴	ごとうだまさはる
ruby_dict_merge	後藤謙次	ごとうけんじ
ruby_dict_merge	後陣	ごぢん
ruby_dict_merge	後鳥羽上皇	ごとばじょうこう
ruby_dict_merge	後鳥羽院	ごとばいん
ruby_dict_merge	徒歩	かち
ruby_dict_merge	徒競走	ときょうそう
ruby_dict_merge	従三位	じゅさんみ
ruby_dict_merge	御人	ごじん
ruby_dict_merge	御仕置	おしおき
ruby_dict_merge	御伽草子	おとぎぞうし
ruby_dict_merge	御供	おんとも
ruby_dict_merge	御出	おいで
ruby_dict_merge	御出掛	おでかけ
ruby_dict_merge	御前	おまえ
ruby_dict_merge	御前	おまへ
ruby_dict_merge	御前	おんまえ
ruby_dict_merge	御前	みさき
ruby_dict_merge	御厨子所	みずしどころ
ruby_dict_merge	御合	みあい
ruby_dict_merge	御名	みな
ruby_dict_merge	御国	おくに
ruby_dict_merge	御堂	みだう
ruby_dict_merge	御大	みほ
ruby_dict_merge	御子	おんこ
ruby_dict_merge	御岳山	おんたけさん
ruby_dict_merge	御幣	ごへい
ruby_dict_merge	御幸	ごかう
ruby_dict_merge	御幸	ごこう
ruby_dict_merge	御座	みくら
ruby_dict_merge	御影石	みかげいし
ruby_dict_merge	御心	みこころ
ruby_dict_merge	御恩	ごおん
ruby_dict_merge	御感	ぎよかん
ruby_dict_merge	御成敗式目	ごせいばいしきもく
ruby_dict_merge	御房	ごばう
ruby_dict_merge	御房	ごぼう
ruby_dict_merge	御所	ごしよ
ruby_dict_merge	御手洗川	みたらしがわ
ruby_dict_merge	御拝	ごはい
ruby_dict_merge	御文	おふみ
ruby_dict_merge	御方	おんかた
ruby_dict_merge	御杖	みつゑ
ruby_dict_merge	御業	みわざ
ruby_dict_merge	御機嫌	ごきげん
ruby_dict_merge	御民	みたみ
ruby_dict_merge	御沙汰	ごさた
ruby_dict_merge	御産	ごさん
ruby_dict_merge	御真影	ごしんえい
ruby_dict_merge	御祖	みおや
ruby_dict_merge	御神	みかみ
ruby_dict_merge	御神楽	みかぐら
ruby_dict_merge	御舟	みふね
ruby_dict_merge	御衣	みけし
ruby_dict_merge	御言葉	みことば
ruby_dict_merge	御諸	みもろ
ruby_dict_merge	御謀叛	ごむほん
ruby_dict_merge	御身体	おからだ
ruby_dict_merge	御遊	ぎよいう
ruby_dict_merge	御酒	みき
ruby_dict_merge	御金	おかね
ruby_dict_merge	御霊	みたま
ruby_dict_merge	御霊会	ごりょうえ
ruby_dict_merge	御預	おあずけ
ruby_dict_merge	循循	じゅんじゅん
ruby_dict_merge	微言	びげん
ruby_dict_merge	徳利	とくり
ruby_dict_merge	徳大	とくだい
ruby_dict_merge	徳大寺	とくだいじ
ruby_dict_merge	徳大寺	とくだいじの
ruby_dict_merge	徳安	とくあん
ruby_dict_merge	徳富蘇峰	とくとみそほう
ruby_dict_merge	徳川家康	とくがわいえやす
ruby_dict_merge	徳川秀忠	とくがわひでただ
ruby_dict_merge	徳永直	とくながすなお
ruby_dict_merge	心中天網島	しんじゅうてんのあみじま
ruby_dict_merge	心操人使	しんそうひとし
ruby_dict_merge	心敬	しんけい
ruby_dict_merge	心筋梗塞	しんきんこうそく
ruby_dict_merge	心金	しんがね
ruby_dict_merge	忉利天	とうりてん
ruby_dict_merge	忌部	いみべ
ruby_dict_merge	忌野清志郎	いまわのきよしろう
ruby_dict_merge	忍坂	おさか
ruby_dict_merge	志操堅固	しそうけんご
ruby_dict_merge	志村菜奈	しむらなな
ruby_dict_merge	志村転弧	しむらてんこ
ruby_dict_merge	志筑忠雄	しづきただお
ruby_dict_merge	志貴皇子	しきのみこ
ruby_dict_merge	志賀島	しかのしま
ruby_dict_merge	志賀直哉	しがなおや
ruby_dict_merge	応天門	おうてんもん
ruby_dict_merge	忠信	ただのぶ
ruby_dict_merge	忠恕	ちゅうじょ
ruby_dict_merge	忠温	ただよし
ruby_dict_merge	忠純	ただずみ
ruby_dict_merge	念珠	ねんじゆ
ruby_dict_merge	忿怒	ふんぬ
ruby_dict_merge	思惟	しゆい
ruby_dict_merge	思索的	しさくてき
ruby_dict_merge	怡与造	いよぞう
ruby_dict_merge	怡親王	いしんのう
ruby_dict_merge	性命	せいめい
ruby_dict_merge	性理	せいり
ruby_dict_merge	怨憎会苦	おんぞうえく
ruby_dict_merge	怪我人	けがにん
ruby_dict_merge	恂恂	じゅんじゅん
ruby_dict_merge	恋力	こひぢから
ruby_dict_merge	恐怖	くふ
ruby_dict_merge	恐怖心	きょうふしん
ruby_dict_merge	恒河	ごうが
ruby_dict_merge	恤救規則	じゅっきゅうきそく
ruby_dict_merge	恩恵	ウネ
ruby_dict_merge	恭敬	くぎょう
ruby_dict_merge	恭親王	きょうしんのう
ruby_dict_merge	息軒	そっけん
ruby_dict_merge	恵心僧都	えしんそうず
ruby_dict_merge	恵慶法師	えぎょうほうし
ruby_dict_merge	恵林寺	えりんじ
ruby_dict_merge	悠々自適	ゆうゆうじてき
ruby_dict_merge	悪口	あくこう
ruby_dict_merge	悪口	わるくち
ruby_dict_merge	悪行	あくぎやう
ruby_dict_merge	悪衣悪食	あくいあくしょく
ruby_dict_merge	悪霊	あくれい
ruby_dict_merge	悪食	あくじき
ruby_dict_merge	悪魔風脚	ディアブルジャンブ
ruby_dict_merge	悲劇的	ひげきてき
ruby_dict_merge	悲愴感	ひそうかん
ruby_dict_merge	悲憤慷慨	ひふんこうがい
ruby_dict_merge	悲田院	ひでんいん
ruby_dict_merge	惟喬親王	これたかしんのう
ruby_dict_merge	惣体	そうたい
ruby_dict_merge	惣無事令	そうぶじれい
ruby_dict_merge	惣追捕使	そうついぶし
ruby_dict_merge	想像力	そうぞうりょく
ruby_dict_merge	愁嘆	しうたん
ruby_dict_merge	意気銷沈	いきしょうちん
ruby_dict_merge	愚管抄	ぐかんしょう
ruby_dict_merge	愛宕	おたぎ
ruby_dict_merge	愛宕山	あたごやま
ruby_dict_merge	愛弟子	まなでし
ruby_dict_merge	愛恋	あいれん
ruby_dict_merge	愛新覚羅	あいしんかくら
ruby_dict_merge	愛著	あいじゃく
ruby_dict_merge	感嘆詞	かんたんし
ruby_dict_merge	慈恵	じえ
ruby_dict_merge	慈救	じく
ruby_dict_merge	慎機論	しんきろん
ruby_dict_merge	慧命	えみょう
ruby_dict_merge	慧眼	えげん
ruby_dict_merge	慶胤	よしたね
ruby_dict_merge	憤怒	ふんぬ
ruby_dict_merge	憤怒相	ふんぬそう
ruby_dict_merge	懐具合	ふところぐあい
ruby_dict_merge	懐徳堂	かいとくどう
ruby_dict_merge	懶者	なまけもの
ruby_dict_merge	成唯識論	じょうゆいしきろん
ruby_dict_merge	成尋阿闍梨母集	じょうじんあじゃりのははのしゅう
ruby_dict_merge	成彬	せいひん
ruby_dict_merge	成瀬万理亜	なるせまりあ
ruby_dict_merge	成瀬澪	なるせみお
ruby_dict_merge	成行	しげゆき
ruby_dict_merge	我妹	わぎも
ruby_dict_merge	我妹子	わぎもこ
ruby_dict_merge	我等	われら
ruby_dict_merge	我部祖河	がぶそか
ruby_dict_merge	我鳥	わどり
ruby_dict_merge	戒厳令	かいげんれい
ruby_dict_merge	戒壇堂	かいだんどう
ruby_dict_merge	戒壇院	かいだんいん
ruby_dict_merge	戒飭	かいちょく
ruby_dict_merge	戦上手	いくさじょうず
ruby_dict_merge	戦国策	せんごくさく
ruby_dict_merge	戦女神	いくさめがみ
ruby_dict_merge	戦斧	せんぷ
ruby_dict_merge	截然	せつぜん
ruby_dict_merge	戯作者	げさくしゃ
ruby_dict_merge	戯言	たわごと
ruby_dict_merge	戴冠式	たいかんしき
ruby_dict_merge	戸田	へだ
ruby_dict_merge	戸田宗光	とだむねみつ
ruby_dict_merge	所作	しよさ
ruby_dict_merge	所帯	しよたい
ruby_dict_merge	所為	しよゐ
ruby_dict_merge	扈随	こずい
ruby_dict_merge	手前	てめえ
ruby_dict_merge	手土産	てみやげ
ruby_dict_merge	手島堵庵	てじまとあん
ruby_dict_merge	手弱女	たわやめ
ruby_dict_merge	手持無沙汰	てもちぶさた
ruby_dict_merge	手書	てかき
ruby_dict_merge	手枕	たまくら
ruby_dict_merge	手柄話	てがらばなし
ruby_dict_merge	手瓶	てがめ
ruby_dict_merge	手結	たゆひ
ruby_dict_merge	手織木綿	ておりもめん
ruby_dict_merge	手織縞	ておりじま
ruby_dict_merge	手足	しゅそく
ruby_dict_merge	打手	うつて
ruby_dict_merge	打捨	うちすて
ruby_dict_merge	扶桑略記	ふそうりゃくき
ruby_dict_merge	承久記	じょうきゅうき
ruby_dict_merge	承仕	しょうじ
ruby_dict_merge	承仕法師	じようじぼふし
ruby_dict_merge	承平	じょうへい
ruby_dict_merge	抒情的	じょじょうてき
ruby_dict_merge	抒情組曲	じょじょうくみきょく
ruby_dict_merge	抒情詩	じょじょうし
ruby_dict_merge	折節	をりふし
ruby_dict_merge	折返	をりかへし
ruby_dict_merge	抜打	ぬきうち
ruby_dict_merge	択捉島	えとろふとう
ruby_dict_merge	押領使	おうりょうし
ruby_dict_merge	抽出	ひきだし
ruby_dict_merge	抽象的	ちゅうしょうてき
ruby_dict_merge	拳拳服膺	けんけんふくよう
ruby_dict_merge	拳闘家	けんとうか
ruby_dict_merge	拾玉集	しゅうぎょくしゅう
ruby_dict_merge	拾遺和歌集	しゅういわかしゅう
ruby_dict_merge	拾遺愚草	しゅういぐそう
ruby_dict_merge	拾遺抄	しゅういしょう
ruby_dict_merge	拾遺集	しゅういしゅう
ruby_dict_merge	持仏堂	じぶつどう
ruby_dict_merge	指物師	さしものし
ruby_dict_merge	挑戦者	ちょうせんしゃ
ruby_dict_merge	挟侍	きょうじ
ruby_dict_merge	挫折感	ざせつかん
ruby_dict_merge	振舞	ふるまひ
ruby_dict_merge	掃掛	はきかけ
ruby_dict_merge	排他的	はいたてき
ruby_dict_merge	排泄物	はいせつぶつ
ruby_dict_merge	掛川市	かけがわし
ruby_dict_merge	掛絡	から
ruby_dict_merge	探査機	たんさき
ruby_dict_merge	探検隊	たんけんたい
ruby_dict_merge	推理力	すいりりょく
ruby_dict_merge	換骨脱胎	かんこつだったい
ruby_dict_merge	揺蕩井煙	たゆたいえん
ruby_dict_merge	損失補塡	そんしつほてん
ruby_dict_merge	損料屋	そんりょうや
ruby_dict_merge	摂取不捨	せつしゆふしや
ruby_dict_merge	摂津	せつつ
ruby_dict_merge	摩訶不思議	まかふしぎ
ruby_dict_merge	撚糸	よりいと
ruby_dict_merge	播磨国	はりまのくに
ruby_dict_merge	撰録	せんろく
ruby_dict_merge	撰集	せんじふ
ruby_dict_merge	操作	そうさく
ruby_dict_merge	擬人化	ぎじんか
ruby_dict_merge	擬人法	ぎじんほう
ruby_dict_merge	擬人観	ぎじんかん
ruby_dict_merge	擬声語	ぎせいご
ruby_dict_merge	擬態語	ぎたいご
ruby_dict_merge	擬音語	ぎおんご
ruby_dict_merge	支倉常長	はせくらつねなが
ruby_dict_merge	支石墓	しせきぼ
ruby_dict_merge	支那人	シナじん
ruby_dict_merge	支配下	しはいか
ruby_dict_merge	支配者	しはいしゃ
ruby_dict_merge	敗績	ハイセキ
ruby_dict_merge	教会暦	きょうかいれき
ruby_dict_merge	教王護国寺	きょうおうごこくじ
ruby_dict_merge	教育	けういく
ruby_dict_merge	教行信証	きょうぎょうしんしょう
ruby_dict_merge	教訓的	きょうくんてき
ruby_dict_merge	散木奇歌集	さんぼくきかしゅう
ruby_dict_merge	敦慶親王	あつよししんのう
ruby_dict_merge	敦睦	とんぼく
ruby_dict_merge	敬子	けいし
ruby_dict_merge	数千	すせん
ruby_dict_merge	数奇	すき
ruby_dict_merge	数寄屋橋	すきやばし
ruby_dict_merge	数打	かずうち
ruby_dict_merge	数珠	じゆず
ruby_dict_merge	数等	すうとう
ruby_dict_merge	整理整頓	せいりせいとん
ruby_dict_merge	敵味方	てきみかた
ruby_dict_merge	敷居	しきゐ
ruby_dict_merge	文在寅	ムンジェイン
ruby_dict_merge	文天祥	ぶんてんしょう
ruby_dict_merge	文字	もんじ
ruby_dict_merge	文学的	ぶんがくてき
ruby_dict_merge	文学社	ぶんがくしゃ
ruby_dict_merge	文屋康秀	ふんやのやすひで
ruby_dict_merge	文庫版	ぶんこばん
ruby_dict_merge	文徳	もんとく
ruby_dict_merge	文武	もんむ
ruby_dict_merge	文華秀麗集	ぶんかしゅうれいしゅう
ruby_dict_merge	文覚	もんがく
ruby_dict_merge	文言	ぶんげん
ruby_dict_merge	文話	ぶんわ
ruby_dict_merge	文質	ぶんしつ
ruby_dict_merge	文質彬彬	ぶんしつひんぴん
ruby_dict_merge	文選	もんぜん
ruby_dict_merge	斉衰	しさい
ruby_dict_merge	斎藤茂吉	さいとうもきち
ruby_dict_merge	斑犬	ぶちいぬ
ruby_dict_merge	斑鳩宮	いかるがのみや
ruby_dict_merge	斑鳩寺	いかるがでら
ruby_dict_merge	斗樽	とだる
ruby_dict_merge	斬新奇抜	ざんしんきばつ
ruby_dict_merge	新井伊織	あらいいおり
ruby_dict_merge	新内節	しんないぶし
ruby_dict_merge	新勅撰集	しんちょくせんしゅう
ruby_dict_merge	新古今集	しんこきんしゅう
ruby_dict_merge	新喜楽	しんきらく
ruby_dict_merge	新嘗祭	にいなめさい
ruby_dict_merge	新声社	しんせいしゃ
ruby_dict_merge	新屋	あたらしや
ruby_dict_merge	新山聡美	にいやまさとみ
ruby_dict_merge	新撰菟玖波集	しんせんつくばしゅう
ruby_dict_merge	新撰髄脳	しんせんずいのう
ruby_dict_merge	新渡戸稲造	にとべいなぞう
ruby_dict_merge	新猿楽記	しんさるがくき
ruby_dict_merge	新篇	しんぺん
ruby_dict_merge	新約聖書	しんやくせいしょ
ruby_dict_merge	新続古今和歌集	しんしょくこきんわかしゅう
ruby_dict_merge	新薬師寺	しんやくしじ
ruby_dict_merge	新見正興	しんみまさおき
ruby_dict_merge	新門前	しんもんぜん
ruby_dict_merge	方丈記	ほうじょうき
ruby_dict_merge	方位磁石	ほういじしゃく
ruby_dict_merge	方立	はうだて
ruby_dict_merge	方角	はうがく
ruby_dict_merge	施文	せもん
ruby_dict_merge	施薬院	せやくいん
ruby_dict_merge	旅人	たびと
ruby_dict_merge	旋頭歌	せどうか
ruby_dict_merge	旗幟鮮明	きしせんめい
ruby_dict_merge	既存	きぞん
ruby_dict_merge	日々	にちにち
ruby_dict_merge	日出	ひい
ruby_dict_merge	日向	ひむか
ruby_dict_merge	日向	ひゆうが
ruby_dict_merge	日和下駄	ひよりげた
ruby_dict_merge	日曜日	にちえうび
ruby_dict_merge	日本	につぽん
ruby_dict_merge	日本	にほん
ruby_dict_merge	日本書紀	にほんしょき
ruby_dict_merge	日本書紀	にほんしよき
ruby_dict_merge	日本武尊	やまとたけるのみこと
ruby_dict_merge	日本霊異記	にほんりょういき
ruby_dict_merge	日来	ひごろ
ruby_dict_merge	日毎	ひごと
ruby_dict_merge	日比	ひごろ
ruby_dict_merge	日照	ひでり
ruby_dict_merge	日葡辞書	にっぽじしょ
ruby_dict_merge	日記	にき
ruby_dict_merge	日車寛見	ひぐるまひろみ
ruby_dict_merge	日高見国	ひたかみのくに
ruby_dict_merge	日高郡	ひだかぐん
ruby_dict_merge	旧主	きうしゆ
ruby_dict_merge	旧唐書	くとうじょ
ruby_dict_merge	旧石器	きゅうせっき
ruby_dict_merge	旧辞	くじ
ruby_dict_merge	早乙女芽亜里	さおとめめあり
ruby_dict_merge	昇殿	しようでん
ruby_dict_merge	昌平黌	しょうへいこう
ruby_dict_merge	明倫堂	めいりんどう
ruby_dict_merge	明徳記	めいとくき
ruby_dict_merge	明恵	みょうえ
ruby_dict_merge	明星派	みょうじょうは
ruby_dict_merge	明智光秀	あけちみつひで
ruby_dict_merge	明月記	めいげつき
ruby_dict_merge	明石全登	あかしてるずみ
ruby_dict_merge	明神	みようじん
ruby_dict_merge	明障子	あかりしょうじ
ruby_dict_merge	星合	ほしあひ
ruby_dict_merge	星新一	ほししんいち
ruby_dict_merge	星野立子	ほしのたつこ
ruby_dict_merge	春告鳥	はるつげどり
ruby_dict_merge	春日	かすが
ruby_dict_merge	春日版	かすがばん
ruby_dict_merge	春服	しゅんぷく
ruby_dict_merge	春秋	はるあき
ruby_dict_merge	春色梅児誉美	しゅんしょくうめごよみ
ruby_dict_merge	是善	これよし
ruby_dict_merge	是程	これほど
ruby_dict_merge	是等	これら
ruby_dict_merge	時々	じじ
ruby_dict_merge	時宗	ときむね
ruby_dict_merge	時政	ときまさ
ruby_dict_merge	時透無一郎	ときとうむいちろう
ruby_dict_merge	時雨亭	しぐれてい
ruby_dict_merge	晩課	ばんか
ruby_dict_merge	普山	ふざん
ruby_dict_merge	普請中	ふしんちゅう
ruby_dict_merge	普通文	ふつうぶん
ruby_dict_merge	普遍的	ふへんてき
ruby_dict_merge	景宗	キョンジョン
ruby_dict_merge	景行	けいこう
ruby_dict_merge	景行天皇	けいこうてんのう
ruby_dict_merge	智仁親王	としひとしんのう
ruby_dict_merge	智光	ちこう
ruby_dict_merge	智積院	ちしゃくいん
ruby_dict_merge	智蔵	ちぞう
ruby_dict_merge	暁露	あかときつゆ
ruby_dict_merge	暖衣飽食	だんいほうしょく
ruby_dict_merge	暗黙知	あんもくち
ruby_dict_merge	暢気眼鏡	のんきめがね
ruby_dict_merge	暦象新書	れきしょうしんしょ
ruby_dict_merge	暴力的	ぼうりょくてき
ruby_dict_merge	暴虎馮河	ぼうこひょうが
ruby_dict_merge	暴風雨	ぼうふうう
ruby_dict_merge	曲承裕	きょくしょうゆう
ruby_dict_merge	曲物	まげもの
ruby_dict_merge	曲直瀬道三	まなせどうさん
ruby_dict_merge	更級郡	さらしなぐん
ruby_dict_merge	曹洞宗	そうとうしゅう
ruby_dict_merge	曽国荃	そうこくせん
ruby_dict_merge	曽国華	そうこくか
ruby_dict_merge	曽国藩	そうこくはん
ruby_dict_merge	曽天養	そうてんよう
ruby_dict_merge	曽祖父	そうそふ
ruby_dict_merge	曽立昌	そうりつしょう
ruby_dict_merge	曾参	そうしん
ruby_dict_merge	曾我物語	そがものがたり
ruby_dict_merge	曾根田	そねだ
ruby_dict_merge	曾禰好忠	そねのよしただ
ruby_dict_merge	最中	さなか
ruby_dict_merge	最高値	さいたかね
ruby_dict_merge	最高神	さいこうしん
ruby_dict_merge	月光	がっこう
ruby_dict_merge	月夜	つくよ
ruby_dict_merge	月夜涙	つきよるい
ruby_dict_merge	月宿	つきやど
ruby_dict_merge	月岡津南	つきおかつなん
ruby_dict_merge	月次絵	つきなみえ
ruby_dict_merge	月永求	つきながもとむ
ruby_dict_merge	月面着陸	げつめんちゃくりく
ruby_dict_merge	有五	ゆうご
ruby_dict_merge	有想	うそう
ruby_dict_merge	有王	ありわう
ruby_dict_merge	有色	うしき
ruby_dict_merge	有道	ゆうどう
ruby_dict_merge	有間皇子	ありまのみこ
ruby_dict_merge	有馬貴将	ありまきしょう
ruby_dict_merge	服部半蔵	はっとりはんぞう
ruby_dict_merge	服部平次	はっとりへいじ
ruby_dict_merge	望遠鏡	ぼうえんきょう
ruby_dict_merge	朝倉義景	あさくらよしかげ
ruby_dict_merge	朝夕	あさゆふ
ruby_dict_merge	朝夕	あしたゆふべ
ruby_dict_merge	朝川	あさかは
ruby_dict_merge	朝敵	てうてき
ruby_dict_merge	朝毎	あさごと
ruby_dict_merge	朝臣	あそみ
ruby_dict_merge	朝臣	あつそん
ruby_dict_merge	朝課	ちょうか
ruby_dict_merge	朝雨	あさあめ
ruby_dict_merge	木下藤吉郎	きのしたとうきちろう
ruby_dict_merge	木下順庵	きのしたじゅんあん
ruby_dict_merge	木地屋	きじや
ruby_dict_merge	木履	ぽくり
ruby_dict_merge	木戸孝允	きどたかよし
ruby_dict_merge	木曾義仲	きそよしなか
ruby_dict_merge	木林	きはやし
ruby_dict_merge	木精	こだま
ruby_dict_merge	木綿縞	もめんじま
ruby_dict_merge	木賃宿	きちんやど
ruby_dict_merge	木鍬	こくは
ruby_dict_merge	木食応其	もくじきおうご
ruby_dict_merge	末期	まつご
ruby_dict_merge	末木文美士	すえきふみひこ
ruby_dict_merge	末造	すえぞう
ruby_dict_merge	本保	ほんぽ
ruby_dict_merge	本地垂迹説	ほんじすいじゃくせつ
ruby_dict_merge	本多利明	ほんだとしあき
ruby_dict_merge	本多忠勝	ほんだただかつ
ruby_dict_merge	本多忠真	ほんだただざね
ruby_dict_merge	本多正信	ほんだまさのぶ
ruby_dict_merge	本多正純	ほんだまさずみ
ruby_dict_merge	本天	ほんてん
ruby_dict_merge	本居宣長	もとおりのりなが
ruby_dict_merge	本意	ほい
ruby_dict_merge	本朝通鑑	ほんちょうつがん
ruby_dict_merge	本生	ほんじょう
ruby_dict_merge	本草学	ほんぞうがく
ruby_dict_merge	本薬師寺	もとやくしじ
ruby_dict_merge	本辞	ほんじ
ruby_dict_merge	本間順治	ほんまじゅんじ
ruby_dict_merge	本阿弥光悦	ほんあみこうえつ
ruby_dict_merge	本高	ほんだか
ruby_dict_merge	朱元璋	しゅげんしょう
ruby_dict_merge	朱子学	しゅしがく
ruby_dict_merge	朱蒙	チュモン
ruby_dict_merge	朱雀大路	すざくおおじ
ruby_dict_merge	朱雀門	すざくもん
ruby_dict_merge	朴槿恵	パククネ
ruby_dict_merge	朴正煕	パクチョンヒ
ruby_dict_merge	朴泰俊	パクテジュン
ruby_dict_merge	朽木	くちき
ruby_dict_merge	杉浦日向子	すぎうらひなこ
ruby_dict_merge	杉田久女	すぎたひさじょ
ruby_dict_merge	杉田広美	すぎたひろみ
ruby_dict_merge	杉田玄白	すぎたげんぱく
ruby_dict_merge	李世賢	りせいけん
ruby_dict_merge	李克強	りこくきょう
ruby_dict_merge	李承晩	イスンマン
ruby_dict_merge	李明博	イミョンバク
ruby_dict_merge	李秀成	りしゅうせい
ruby_dict_merge	李続賓	りぞくひん
ruby_dict_merge	李綱	りこう
ruby_dict_merge	李開芳	りかいほう
ruby_dict_merge	李鴻章	りこうしょう
ruby_dict_merge	杏花村	きようかそん
ruby_dict_merge	村上鬼城	むらかみきじょう
ruby_dict_merge	村夫子	そんぷうし
ruby_dict_merge	村尾慎一	むらおしんいち
ruby_dict_merge	村山富市	むらやまとみいち
ruby_dict_merge	村田兆治	むらたちょうじ
ruby_dict_merge	条書	じょうしょ
ruby_dict_merge	来迎図	らいごうず
ruby_dict_merge	東久世通禧	ひがしくぜみちとみ
ruby_dict_merge	東夷伝	とういでん
ruby_dict_merge	東学党	とうがくとう
ruby_dict_merge	東洲斎写楽	とうしゅうさいしゃらく
ruby_dict_merge	東海道中膝栗毛	とうかいどうちゅうひざくりげ
ruby_dict_merge	東海道四谷怪談	とうかいどうよつやかいだん
ruby_dict_merge	東直子	ひがしなおこ
ruby_dict_merge	東筑摩郡	ひがしちくまぐん
ruby_dict_merge	東雲色	しののめいろ
ruby_dict_merge	東風	こち
ruby_dict_merge	杵築	きずき
ruby_dict_merge	杵築	きづき
ruby_dict_merge	松之	まつの
ruby_dict_merge	松井友閑	まついゆうかん
ruby_dict_merge	松任谷由実	まつとうやゆみ
ruby_dict_merge	松尾芭蕉	まつおばしょう
ruby_dict_merge	松岡正剛	まつおかせいごう
ruby_dict_merge	松崎	まつさき
ruby_dict_merge	松川	まつがわ
ruby_dict_merge	松平信康	まつだいらのぶやす
ruby_dict_merge	松平千秋	まつだいらちあき
ruby_dict_merge	松方弘樹	まつかたひろき
ruby_dict_merge	松方正義	まつかたまさよし
ruby_dict_merge	松木	まつのき
ruby_dict_merge	松本美知恵	まつもとみちえ
ruby_dict_merge	松永久秀	まつながひさひで
ruby_dict_merge	松永貞徳	まつながていとく
ruby_dict_merge	松瀬青々	まつせせいせい
ruby_dict_merge	松田聖子	まつだせいこ
ruby_dict_merge	松皮菱	まつかわびし
ruby_dict_merge	松花堂昭乗	しょうかどうしょうじょう
ruby_dict_merge	松葉杖	まつばづえ
ruby_dict_merge	松野千冬	まつのちふゆ
ruby_dict_merge	松風	まつかぜ
ruby_dict_merge	板垣退助	いたがきたいすけ
ruby_dict_merge	板草履	いたぞうり
ruby_dict_merge	板門店	パンムンジョム
ruby_dict_merge	林則徐	りんそくじょ
ruby_dict_merge	林子平	はやししへい
ruby_dict_merge	林明子	はやしあきこ
ruby_dict_merge	林紹璋	りんしょうしょう
ruby_dict_merge	林羅山	はやしらざん
ruby_dict_merge	林邑楽	りんゆうがく
ruby_dict_merge	林鳳祥	りんほうしょう
ruby_dict_merge	果樹園	かじゅえん
ruby_dict_merge	枝葉	しよう
ruby_dict_merge	枯山	からやま
ruby_dict_merge	枷場菜々子	はさばななこ
ruby_dict_merge	柄井川柳	からいせんりゅう
ruby_dict_merge	柄本	つかもと
ruby_dict_merge	染汁	そめしる
ruby_dict_merge	染浴衣	そめゆかた
ruby_dict_merge	柔手	にこで
ruby_dict_merge	柚木薫	ゆずきかおる
ruby_dict_merge	柳井俊二	やないしゅんじ
ruby_dict_merge	柳亭種彦	りゅうていたねひこ
ruby_dict_merge	柳宗悦	やなぎむねよし
ruby_dict_merge	柳樹	りゅうじゅ
ruby_dict_merge	柳父章	やなぶあきら
ruby_dict_merge	柳田國男	やなぎたくにお
ruby_dict_merge	柴田勝家	しばたかついえ
ruby_dict_merge	柴野栗山	しばのりつざん
ruby_dict_merge	柿本人麻呂	かきのもとのひとまろ
ruby_dict_merge	柿本人麿	かきのもとのひとまろ
ruby_dict_merge	栃原	とちばら
ruby_dict_merge	栄枯盛衰	えいこせいすい
ruby_dict_merge	栄花	えいぐわ
ruby_dict_merge	栄花物語	えいがものがたり
ruby_dict_merge	栗本慎一郎	くりもとしんいちろう
ruby_dict_merge	根元	こんげん
ruby_dict_merge	根本	ねもと
ruby_dict_merge	根本中堂	こんぽんちゅうどう
ruby_dict_merge	根津権現	ねづごんげん
ruby_dict_merge	根粒菌	こんりゅうきん
ruby_dict_merge	格子縞	こうしじま
ruby_dict_merge	格式	きやくしき
ruby_dict_merge	桂信子	かつらのぶこ
ruby_dict_merge	桂平	けいへい
ruby_dict_merge	桂離宮	かつらりきゅう
ruby_dict_merge	桃喰綺羅莉	ももばみきらり
ruby_dict_merge	桐壺帝	きりつぼてい
ruby_dict_merge	桐壺更衣	きりつぼのこうい
ruby_dict_merge	桐火桶	きりひおけ
ruby_dict_merge	桐生刹那	きりゅうせつな
ruby_dict_merge	桐生悠々	きりゅうゆうゆう
ruby_dict_merge	桑原武夫	くわばらたけお
ruby_dict_merge	桑田佳祐	くわたけいすけ
ruby_dict_merge	梁塵秘抄	りょうじんひしょう
ruby_dict_merge	梁発	りょうはつ
ruby_dict_merge	梁鴻志	りょうこうし
ruby_dict_merge	梧桐	ごとう
ruby_dict_merge	梵天	ぼんでん
ruby_dict_merge	梶井基次郎	かじいもとじろう
ruby_dict_merge	梶原	かぢはら
ruby_dict_merge	梶原景季	かじわらかげすえ
ruby_dict_merge	梶原景時	かじわらかげとき
ruby_dict_merge	梶山静六	かじやませいろく
ruby_dict_merge	棒杭	ぼうくい
ruby_dict_merge	棒杭	ぼうぐい
ruby_dict_merge	棟方志功	むなかたしこう
ruby_dict_merge	森喜朗	もりよしろう
ruby_dict_merge	森本美千代	もりもとみちよ
ruby_dict_merge	森林太郎	もりりんたろう
ruby_dict_merge	森浩一	もりこういち
ruby_dict_merge	森瑤子	もりようこ
ruby_dict_merge	森進一	もりしんいち
ruby_dict_merge	森鷗外	もりおうがい
ruby_dict_merge	植木等	うえきひとし
ruby_dict_merge	植物遺体	しょくぶついたい
ruby_dict_merge	植草朋樹	うえくさともき
ruby_dict_merge	椎本	しいがもと
ruby_dict_merge	検点	けんてん
ruby_dict_merge	検田使	けんでんし
ruby_dict_merge	検見	けみ
ruby_dict_merge	検非違使	けんびいし
ruby_dict_merge	椿山荘	ちんざんそう
ruby_dict_merge	楊尚昆	ようしょうこん
ruby_dict_merge	楊秀清	ようしゅうせい
ruby_dict_merge	楊輔清	ようほせい
ruby_dict_merge	楠木正成	くすのきまさしげ
ruby_dict_merge	楠木正行	くすのきまさつら
ruby_dict_merge	極熱	ごくねつ
ruby_dict_merge	楽所	がくしょ
ruby_dict_merge	榊原康政	さかきばらやすまさ
ruby_dict_merge	樊須	はんす
ruby_dict_merge	樋口一葉	ひぐちいちよう
ruby_dict_merge	横山秀夫	よこやまひでお
ruby_dict_merge	横恋慕	よこれんぼ
ruby_dict_merge	横田滋	よこたしげる
ruby_dict_merge	横道	ワウダウ
ruby_dict_merge	横須賀市	よこすかし
ruby_dict_merge	樹下美人図	じゅかびじんず
ruby_dict_merge	橋本真博	はしもとまさひろ
ruby_dict_merge	橋本龍太郎	はしもとりゅうたろう
ruby_dict_merge	橘三千代	たちばなのみちよ
ruby_dict_merge	橘守部	たちばなもりべ
ruby_dict_merge	橘成季	たちばなのなりすえ
ruby_dict_merge	橘直人	たちばななおと
ruby_dict_merge	橘諸兄	たちばなのもろえ
ruby_dict_merge	橘逸勢	たちばなのはやなり
ruby_dict_merge	橘道貞	たちばなのみちさだ
ruby_dict_merge	機織女	はたおりめ
ruby_dict_merge	橿原市	かしはらし
ruby_dict_merge	檀越	だんおつ
ruby_dict_merge	檀越	だんをち
ruby_dict_merge	檜物師	ひものし
ruby_dict_merge	檜舞台	ひのきぶたい
ruby_dict_merge	檳榔	びんろう
ruby_dict_merge	櫻井里美	さくらいさとみ
ruby_dict_merge	次郎	じらう
ruby_dict_merge	欽差大臣	きんさだいじん
ruby_dict_merge	歌会	かかい
ruby_dict_merge	歌学書	かがくしょ
ruby_dict_merge	歌物語	うたものがたり
ruby_dict_merge	歌道	かだう
ruby_dict_merge	正一位	しょういちい
ruby_dict_merge	正中	しょうちゅう
ruby_dict_merge	正二位	しょうにい
ruby_dict_merge	正倉院	しょうそういん
ruby_dict_merge	正命	しょうみょう
ruby_dict_merge	正字通	せいじつう
ruby_dict_merge	正定	しょうじょう
ruby_dict_merge	正岡子規	まさおかしき
ruby_dict_merge	正栄	まさひで
ruby_dict_merge	正業	しょうごう
ruby_dict_merge	正気	しょうき
ruby_dict_merge	正法眼蔵	しょうぼうげんぞう
ruby_dict_merge	正直	まさなお
ruby_dict_merge	正真正銘	しょうしんしょうめい
ruby_dict_merge	正精進	しょうしょうじん
ruby_dict_merge	正義	せいぎ
ruby_dict_merge	正色	せいしょく
ruby_dict_merge	正身	さうじみ
ruby_dict_merge	正道	しょうどう
ruby_dict_merge	正鵠	せいこく
ruby_dict_merge	此度	このたび
ruby_dict_merge	此所	ここ
ruby_dict_merge	此時	このとき
ruby_dict_merge	此瀬	このせ
ruby_dict_merge	此等	これら
ruby_dict_merge	此間	このあいだ
ruby_dict_merge	此間	このあひだ
ruby_dict_merge	此頃	このごろ
ruby_dict_merge	武城	ぶじょう
ruby_dict_merge	武士	もののふ
ruby_dict_merge	武島務	たけしまつとむ
ruby_dict_merge	武智	むち
ruby_dict_merge	武村正義	たけむらまさよし
ruby_dict_merge	武田久美子	たけだくみこ
ruby_dict_merge	武田信玄	たけだしんげん
ruby_dict_merge	武美	たけよし
ruby_dict_merge	武者	むしや
ruby_dict_merge	武者小路実篤	むしゃのこうじさねあつ
ruby_dict_merge	武蔵国	むさしのくに
ruby_dict_merge	武蔵坊	むさしぼう
ruby_dict_merge	武蔵坊弁慶	むさしぼうべんけい
ruby_dict_merge	武蔵府中	むさしふちゅう
ruby_dict_merge	武蔵陵墓地	むさしりょうぼち
ruby_dict_merge	歯齦炎	しぎんえん
ruby_dict_merge	歳差運動	さいさうんどう
ruby_dict_merge	歳月	としつき
ruby_dict_merge	歴史物語	れきしものがたり
ruby_dict_merge	死柄木弔	しがらきとむら
ruby_dict_merge	死海	しかい
ruby_dict_merge	死穢	しえ
ruby_dict_merge	殉教者	じゅんきょうしゃ
ruby_dict_merge	殉難者	じゅんなんしゃ
ruby_dict_merge	残賊	ざんぞく
ruby_dict_merge	殯宮	あらきのみや
ruby_dict_merge	段祺瑞	だんきずい
ruby_dict_merge	殷汝耕	いんじょこう
ruby_dict_merge	殿上	てんじやう
ruby_dict_merge	殿上人	てんじやうびと
ruby_dict_merge	母神	ははがみ
ruby_dict_merge	毎月抄	まいげつしょう
ruby_dict_merge	毒弊	どくへい
ruby_dict_merge	比叡山	ひえいさん
ruby_dict_merge	比嘉	ひが
ruby_dict_merge	比較	ひかう
ruby_dict_merge	毘沙門天	びしゃもんてん
ruby_dict_merge	毘沙門天王	びしゃもんてんのう
ruby_dict_merge	毛利小五郎	もうりこごろう
ruby_dict_merge	毛利輝元	もうりてるもと
ruby_dict_merge	毛沢東	もうたくとう
ruby_dict_merge	毛細管	もうさいかん
ruby_dict_merge	毬杖	ぎつちやう
ruby_dict_merge	氏子達磨	うじこだるま
ruby_dict_merge	民俗学	みんぞくがく
ruby_dict_merge	民数記	みんすうき
ruby_dict_merge	気取	きどり
ruby_dict_merge	気味	ぎみ
ruby_dict_merge	気質物	かたぎもの
ruby_dict_merge	気遣	きづかひ
ruby_dict_merge	水上勉	みずかみつとむ
ruby_dict_merge	水原秋櫻子	みずはらしゅうおうし
ruby_dict_merge	水天宮利生深川	すいてんぐうめぐみのふかがわ
ruby_dict_merge	水沫	みなわ
ruby_dict_merge	水蒸気	すいじょうき
ruby_dict_merge	水蛭子	ひるこ
ruby_dict_merge	水野信元	みずののぶもと
ruby_dict_merge	水野忠邦	みずのただくに
ruby_dict_merge	水野正夫	みずのまさお
ruby_dict_merge	水門	みなと
ruby_dict_merge	水閣	すいかく
ruby_dict_merge	水面	みなも
ruby_dict_merge	永久	とわ
ruby_dict_merge	永六輔	えいろくすけ
ruby_dict_merge	永明寺	ようめいじ
ruby_dict_merge	永楽通宝	えいらくつうほう
ruby_dict_merge	永積安明	ながづみやすあき
ruby_dict_merge	永近英良	ながちかひでよし
ruby_dict_merge	永遠	とわ
ruby_dict_merge	求不得苦	ぐふとくく
ruby_dict_merge	求婚者	きゅうこんしゃ
ruby_dict_merge	汝鳥	などり
ruby_dict_merge	江忠源	こうちゅうげん
ruby_dict_merge	江戸小紋	えどこもん
ruby_dict_merge	江戸川乱歩	えどがわらんぽ
ruby_dict_merge	江沢民	こうたくみん
ruby_dict_merge	池大雅	いけのたいが
ruby_dict_merge	池田恒興	いけだつねおき
ruby_dict_merge	池田正式	いけだまさのり
ruby_dict_merge	池禅尼	いけのぜんに
ruby_dict_merge	池辺三山	いけべさんざん
ruby_dict_merge	汪精衛	おうせいえい
ruby_dict_merge	決定	けつじょう
ruby_dict_merge	汽水域	きすいいき
ruby_dict_merge	沈鴻烈	しんこうれつ
ruby_dict_merge	沓下	くつした
ruby_dict_merge	沖辺	おきへ
ruby_dict_merge	沙弥満誓	さみまんぜい
ruby_dict_merge	沙汰人	さたにん
ruby_dict_merge	沙河	さか
ruby_dict_merge	沙羅	しゃら
ruby_dict_merge	沢木欣一	さわききんいち
ruby_dict_merge	沢村貞子	さわむらさだこ
ruby_dict_merge	沢田樹里	さわだじゅり
ruby_dict_merge	河内国	かわちのくに
ruby_dict_merge	河原乞食	かわらこじき
ruby_dict_merge	河原左大臣	かわらのさだいじん
ruby_dict_merge	河原院	かわらのいん
ruby_dict_merge	河合雅雄	かわいまさお
ruby_dict_merge	河竹黙阿弥	かわたけもくあみ
ruby_dict_merge	河野春男	こうのはるお
ruby_dict_merge	河野洋平	こうのようへい
ruby_dict_merge	治天	ちてん
ruby_dict_merge	治承	ちしょう
ruby_dict_merge	沼野充義	ぬまのみつよし
ruby_dict_merge	沼間守一	ぬまもりかず
ruby_dict_merge	法印	ほふいん
ruby_dict_merge	法句経	ほっくきょう
ruby_dict_merge	法吉鳥	ほほきどり
ruby_dict_merge	法寺項介	ほうじこうすけ
ruby_dict_merge	法師	ほふし
ruby_dict_merge	法成寺	ほうじょうじ
ruby_dict_merge	法数	ほっすう
ruby_dict_merge	法皇	ほふわう
ruby_dict_merge	法相	ほっそう
ruby_dict_merge	法相宗	ほっそうしゅう
ruby_dict_merge	法花	ほけ
ruby_dict_merge	法華	ほけ
ruby_dict_merge	法華堂	ほっけどう
ruby_dict_merge	法華宗	ほっけしゅう
ruby_dict_merge	法華経	ほけきょう
ruby_dict_merge	法華義疏	ほっけぎしょ
ruby_dict_merge	法輪寺	ほうりんじ
ruby_dict_merge	泡沫	うたかた
ruby_dict_merge	波多野義重	はたのよししげ
ruby_dict_merge	波平	なみひら
ruby_dict_merge	波斯匿	はしのく
ruby_dict_merge	波留麻和解	はるまわげ
ruby_dict_merge	泥濘	ぬかるみ
ruby_dict_merge	注進	ちゆうしん
ruby_dict_merge	泯滅	びんめつ
ruby_dict_merge	洒竹	しゃちく
ruby_dict_merge	洞庭湖	どうていこ
ruby_dict_merge	洞木	ほらき
ruby_dict_merge	洞穴	どうけつ
ruby_dict_merge	津々浦々	つつうらうら
ruby_dict_merge	津下	つげ
ruby_dict_merge	津田宗及	つだそうぎゅう
ruby_dict_merge	洩矢御沙薙	もりやみさなぎ
ruby_dict_merge	洪仁玕	こうじんかん
ruby_dict_merge	洪天貴福	こうてんきふく
ruby_dict_merge	洪秀全	こうしゅうぜん
ruby_dict_merge	活法	かっぽう
ruby_dict_merge	流布本	るふぼん
ruby_dict_merge	流水	りゆうすい
ruby_dict_merge	流沙	りゅうさ
ruby_dict_merge	浄土三部経	じょうどさんぶきょう
ruby_dict_merge	浄土真宗	じょうどしんしゅう
ruby_dict_merge	浅井長政	あざいながまさ
ruby_dict_merge	浅野長政	あさのながまさ
ruby_dict_merge	浅間山	あさまやま
ruby_dict_merge	浜北人	はまきたじん
ruby_dict_merge	浜口梧陵	はまぐちごりょう
ruby_dict_merge	浜松中納言	はままつちゅうなごん
ruby_dict_merge	浦上	うらがみ
ruby_dict_merge	浦上玉堂	うらがみぎょくどう
ruby_dict_merge	浦回	うらみ
ruby_dict_merge	浦島太郎	うらしまたろう
ruby_dict_merge	浪花女	なにわおんな
ruby_dict_merge	浪花節	なにわぶし
ruby_dict_merge	浮世床	うきよどこ
ruby_dict_merge	浮世草子	うきよぞうし
ruby_dict_merge	浮気性	うわきしょう
ruby_dict_merge	浮雲	ふうん
ruby_dict_merge	海人娘子	あまをとめ
ruby_dict_merge	海人少女	あまをとめ
ruby_dict_merge	海保青陵	かいほせいりょう
ruby_dict_merge	海南市	かいなんし
ruby_dict_merge	海国兵談	かいこくへいだん
ruby_dict_merge	海神	かいじん
ruby_dict_merge	海老名弾正	えびなだんじょう
ruby_dict_merge	海部	あまべ
ruby_dict_merge	海部俊樹	かいふとしき
ruby_dict_merge	涅槃会	ねはんえ
ruby_dict_merge	涅槃宗	ねはんしゅう
ruby_dict_merge	涅槃絵	ねはんえ
ruby_dict_merge	涓滴	けんてき
ruby_dict_merge	淡水湖	たんすいこ
ruby_dict_merge	淡海三船	おうみのみふね
ruby_dict_merge	淫売屋	いんばいや
ruby_dict_merge	深州	しんしゅう
ruby_dict_merge	清々	すがすが
ruby_dict_merge	清元節	きよもとぶし
ruby_dict_merge	清原元輔	きよはらのもとすけ
ruby_dict_merge	清州	せいしゅう
ruby_dict_merge	清水幾太郎	しみずいくたろう
ruby_dict_merge	清水観音	きよみずかんのん
ruby_dict_merge	清沢満之	きよざわまんし
ruby_dict_merge	清浄	しょうじょう
ruby_dict_merge	清涼	しょうりょう
ruby_dict_merge	清郷	せいごう
ruby_dict_merge	済勝	せいしょう
ruby_dict_merge	渡御	とぎよ
ruby_dict_merge	渡辺守綱	わたなべもりつな
ruby_dict_merge	渡辺崋山	わたなべかざん
ruby_dict_merge	渡辺直樹	わたなべなおき
ruby_dict_merge	渡辺綱	わたなべのつな
ruby_dict_merge	渡部建	わたべけん
ruby_dict_merge	渡部泰明	わたなべやすあき
ruby_dict_merge	渤海楽	ぼっかいがく
ruby_dict_merge	游雲	ゆううん
ruby_dict_merge	湘勇	しょうゆう
ruby_dict_merge	湘江	しょうこう
ruby_dict_merge	湘潭	しょうたん
ruby_dict_merge	湛増	たんぞう
ruby_dict_merge	湯殿山	ゆどのさん
ruby_dict_merge	湯浅誠	ゆあさまこと
ruby_dict_merge	湯走	ゆばしり
ruby_dict_merge	湿気	しけ
ruby_dict_merge	満干	みちひ
ruby_dict_merge	満濃池	まんのういけ
ruby_dict_merge	満身創痍	まんしんそうい
ruby_dict_merge	源俊頼	みなもとのとしより
ruby_dict_merge	源因	げんいん
ruby_dict_merge	源太	げんだ
ruby_dict_merge	源宗于	みなもとのむねゆき
ruby_dict_merge	源実朝	みなもとのさねとも
ruby_dict_merge	源平盛衰記	げんぺいじょうすいき
ruby_dict_merge	源平藤橘	げんぺいとうきつ
ruby_dict_merge	源為憲	みなもとのためのり
ruby_dict_merge	源経信	みなもとのつねのぶ
ruby_dict_merge	源義仲	みなもとのよしなか
ruby_dict_merge	源義朝	みなもとのよしとも
ruby_dict_merge	源義経	みなもとのよしつね
ruby_dict_merge	源義親	みなもとのよしちか
ruby_dict_merge	源融	みなもとのとおる
ruby_dict_merge	源道済	みなもとのみちなり
ruby_dict_merge	源順	みなもとのしたごう
ruby_dict_merge	源頼朝	みなもとのよりとも
ruby_dict_merge	源顕兼	みなもとのあきかね
ruby_dict_merge	溝口健二	みぞぐちけんじ
ruby_dict_merge	滄州	そうしゅう
ruby_dict_merge	滅満興漢	めつまんこうかん
ruby_dict_merge	滅道	めつどう
ruby_dict_merge	滋籐	しげどう
ruby_dict_merge	滑稽本	こっけいぼん
ruby_dict_merge	滝井孝作	たきいこうさく
ruby_dict_merge	滝川八尋	たきがわやひろ
ruby_dict_merge	滝川幸辰	たきがわゆきとき
ruby_dict_merge	滝昇	たきのぼる
ruby_dict_merge	滝沢馬琴	たきざわばきん
ruby_dict_merge	滝澤政道	たきざわせいどう
ruby_dict_merge	滝野純一	たきのじゅんいち
ruby_dict_merge	滹沱	こだ
ruby_dict_merge	漁史	ぎょし
ruby_dict_merge	漆園	しつえん
ruby_dict_merge	漢字御廃止之議	かんじおんはいしのぎ
ruby_dict_merge	漢文訓読	かんぶんくんどく
ruby_dict_merge	漢江	ハンガン
ruby_dict_merge	漣造	れんぞう
ruby_dict_merge	潑溂	はつらつ
ruby_dict_merge	潭州	たんしゅう
ruby_dict_merge	澤村田之助	さわむらたのすけ
ruby_dict_merge	激昂	げきこう
ruby_dict_merge	瀬呂範太	せろはんた
ruby_dict_merge	瀬川瑛子	せがわえいこ
ruby_dict_merge	瀬田宗次郎	せたそうじろう
ruby_dict_merge	火中	ほなか
ruby_dict_merge	火成岩	かせいがん
ruby_dict_merge	火迺要慎	ひのようじん
ruby_dict_merge	火造	ひづくり
ruby_dict_merge	灯影	ほかげ
ruby_dict_merge	灯心	とうしみ
ruby_dict_merge	炉心溶融	ろしんようゆう
ruby_dict_merge	炭化物	たんかぶつ
ruby_dict_merge	点竄術	てんざんじゅつ
ruby_dict_merge	為右衛門	ためえもん
ruby_dict_merge	為政者	いせいしゃ
ruby_dict_merge	為永春水	ためながしゅんすい
ruby_dict_merge	烟塵	えんじん
ruby_dict_merge	焚書坑儒	ふんしょこうじゅ
ruby_dict_merge	無一物	むいちもつ
ruby_dict_merge	無伴奏	むばんそう
ruby_dict_merge	無余涅槃	むよねはん
ruby_dict_merge	無双	ぶそう
ruby_dict_merge	無名抄	むみょうしょう
ruby_dict_merge	無執著	むしゅうじゃく
ruby_dict_merge	無塩	ぶえん
ruby_dict_merge	無学祖元	むがくそげん
ruby_dict_merge	無尽蔵	むじんぞう
ruby_dict_merge	無尽講	むじんこう
ruby_dict_merge	無常観	むじょうかん
ruby_dict_merge	無意識	むいしき
ruby_dict_merge	無所得	むしょとく
ruby_dict_merge	無益	むやく
ruby_dict_merge	無色	むしき
ruby_dict_merge	無色界	むしきかい
ruby_dict_merge	無苦	むく
ruby_dict_merge	無著	むぢゃく
ruby_dict_merge	無言歌集	むごんかしゅう
ruby_dict_merge	無言館	むごんかん
ruby_dict_merge	無量光院	むりょうこういん
ruby_dict_merge	無間	むけん
ruby_dict_merge	無限旋律	むげんせんりつ
ruby_dict_merge	無頓着	むとんちゃく
ruby_dict_merge	無駄口	むだくち
ruby_dict_merge	然燈	ねんとう
ruby_dict_merge	焼落	やきおとし
ruby_dict_merge	煉瓦色	れんがいろ
ruby_dict_merge	照見	しょうけん
ruby_dict_merge	熊向暉	ゆうこうき
ruby_dict_merge	熊女	くまおんな
ruby_dict_merge	熊沢蕃山	くまざわばんざん
ruby_dict_merge	熊谷直実	くまがいなおざね
ruby_dict_merge	熊野純彦	くまのすみひこ
ruby_dict_merge	熟田津	にきたつ
ruby_dict_merge	燕京	えんけい
ruby_dict_merge	燕居	えんきょ
ruby_dict_merge	燻製肉	くんせいにく
ruby_dict_merge	燼滅	じんめつ
ruby_dict_merge	爆豪勝己	ばくごうかつき
ruby_dict_merge	爬虫類	はちゅうるい
ruby_dict_merge	父親	てておや
ruby_dict_merge	爽快感	そうかいかん
ruby_dict_merge	爾今	じこん
ruby_dict_merge	片原鞘香	かたはらさやか
ruby_dict_merge	片手矢	かたてや
ruby_dict_merge	片桐且元	かたぎりかつもと
ruby_dict_merge	片言	へんげん
ruby_dict_merge	片趣	かたおもむき
ruby_dict_merge	牛健児	うしこでい
ruby_dict_merge	牛車	ぎつしや
ruby_dict_merge	牡馬	おすうま
ruby_dict_merge	牢籠	ろうろう
ruby_dict_merge	牧場	まきば
ruby_dict_merge	牧瀬里穂	まきせりほ
ruby_dict_merge	牧誓	まきちかい
ruby_dict_merge	物干場	ブッカンバ
ruby_dict_merge	物干竿	ものほしざお
ruby_dict_merge	物部刀自売	もののべのとじめ
ruby_dict_merge	物集高見	もずめたかみ
ruby_dict_merge	特許許可局	とっきょきょかきょく
ruby_dict_merge	牽強付会	けんきょうふかい
ruby_dict_merge	牽牛	けんぎゅう
ruby_dict_merge	犠牲	いけにえ
ruby_dict_merge	犠牲者	ぎせいしゃ
ruby_dict_merge	犬坂毛野	いぬさかけの
ruby_dict_merge	犬塚信乃	いぬづかしの
ruby_dict_merge	犬養毅	いぬかいつよし
ruby_dict_merge	狂惑	きゃうわく
ruby_dict_merge	狂狷	きょうけん
ruby_dict_merge	狂酔	きょうすい
ruby_dict_merge	狐貉	こかく
ruby_dict_merge	狩猟採集民	しゅりょうさいしゅうみん
ruby_dict_merge	狩野	かのう
ruby_dict_merge	狩野探幽	かのうたんゆう
ruby_dict_merge	独擅場	どくせんじょう
ruby_dict_merge	独楽	こまつぶり
ruby_dict_merge	独鈷	とつこ
ruby_dict_merge	独鈷	どつこ
ruby_dict_merge	狭田	さだ
ruby_dict_merge	狼藉	らうぜき
ruby_dict_merge	狼藉者	ろうぜきもの
ruby_dict_merge	猗猗	いい
ruby_dict_merge	猛禽類	もうきんるい
ruby_dict_merge	猜疑心	さいぎしん
ruby_dict_merge	猪熊	ゐのくま
ruby_dict_merge	猪野琢真	いのたくま
ruby_dict_merge	献堂式	けんどうしき
ruby_dict_merge	猿丸大夫	さるまるだゆう
ruby_dict_merge	猿女	さるめ
ruby_dict_merge	猿楽能	さるがくのう
ruby_dict_merge	獄守	ごくもり
ruby_dict_merge	獅子奮迅	ししふんじん
ruby_dict_merge	獅子心王	しししんおう
ruby_dict_merge	獅子王司	ししおうつかさ
ruby_dict_merge	獰猛	どうもう
ruby_dict_merge	玄々集	げんげんしゅう
ruby_dict_merge	玄医	げんい
ruby_dict_merge	玄慧	げんえ
ruby_dict_merge	玄端	げんたん
ruby_dict_merge	玄葉光一郎	げんばこういちろう
ruby_dict_merge	玄道	はるみち
ruby_dict_merge	玉代勢	たまよせ
ruby_dict_merge	玉光	たまひかる
ruby_dict_merge	玉城	タマシロ
ruby_dict_merge	玉手	たまて
ruby_dict_merge	玉手	たまで
ruby_dict_merge	玉松操	たままつみさお
ruby_dict_merge	玉泉	ぎよくせん
ruby_dict_merge	玉皇大帝	ぎょくこうたいてい
ruby_dict_merge	玉篇	ごくへん
ruby_dict_merge	玉虫厨子	たまむしのずし
ruby_dict_merge	王仁	わに
ruby_dict_merge	王先謙	おうせんけん
ruby_dict_merge	王氏	わうし
ruby_dict_merge	王舎城	おうしゃじょう
ruby_dict_merge	王莽	わうまう
ruby_dict_merge	王韜	おうとう
ruby_dict_merge	珈琲店	コーヒーてん
ruby_dict_merge	珍彦	うづひこ
ruby_dict_merge	班田収授法	はんでんしゅうじゅのほう
ruby_dict_merge	現代史	げんだいし
ruby_dict_merge	現代的	げんだいてき
ruby_dict_merge	球美	くみ
ruby_dict_merge	理由	わけ
ruby_dict_merge	琵琶	びは
ruby_dict_merge	琵琶法師	びわほうし
ruby_dict_merge	瑚璉	これん
ruby_dict_merge	瑞穂	みづほ
ruby_dict_merge	瓜江久生	うりえくき
ruby_dict_merge	瓶子	へいじ
ruby_dict_merge	甘蔗	かんしょ
ruby_dict_merge	甘露寺蜜璃	かんろじみつり
ruby_dict_merge	甚平	じんべえ
ruby_dict_merge	甚深	じんじん
ruby_dict_merge	生仏	しょうぶつ
ruby_dict_merge	生名	いくな
ruby_dict_merge	生員	せいいん
ruby_dict_merge	生埋	いきうめ
ruby_dict_merge	生大刀	いくたち
ruby_dict_merge	生弓矢	いくゆみや
ruby_dict_merge	生意気	なまいき
ruby_dict_merge	生成	きなり
ruby_dict_merge	生業	なりわい
ruby_dict_merge	生死	しょうじ
ruby_dict_merge	生物	いきもの
ruby_dict_merge	生玉子	なまたまご
ruby_dict_merge	生産者	せいさんしゃ
ruby_dict_merge	生田葵山	いくたきざん
ruby_dict_merge	生返事	なまへんじ
ruby_dict_merge	生食	なましょく
ruby_dict_merge	生駒山	いこまやま
ruby_dict_merge	産寧坂	さんねいざか
ruby_dict_merge	産屋敷耀哉	うぶやしきかがや
ruby_dict_merge	甥御	おいご
ruby_dict_merge	田上菊舎	たがみきくしゃ
ruby_dict_merge	田中丸望元	たなかまるもうがん
ruby_dict_merge	田中久重	たなかひさしげ
ruby_dict_merge	田中優子	たなかゆうこ
ruby_dict_merge	田中克彦	たなかかつひこ
ruby_dict_merge	田中将大	たなかまさひろ
ruby_dict_merge	田中明美	たなかあけみ
ruby_dict_merge	田中智学	たなかちがく
ruby_dict_merge	田中正造	たなかしょうぞう
ruby_dict_merge	田中角栄	たなかかくえい
ruby_dict_merge	田代平	たしろたい
ruby_dict_merge	田口八重子	たぐちやえこ
ruby_dict_merge	田家	でんか
ruby_dict_merge	田村玲子	たむられいこ
ruby_dict_merge	田沼意次	たぬまおきつぐ
ruby_dict_merge	田浦愛衣	たうらめい
ruby_dict_merge	田能村竹田	たのむらちくでん
ruby_dict_merge	田辺聖子	たなべせいこ
ruby_dict_merge	田辺誠	たなべまこと
ruby_dict_merge	田邊名来	たなべならい
ruby_dict_merge	田部	たべ
ruby_dict_merge	由々	ゆゆ
ruby_dict_merge	由利徹	ゆりとおる
ruby_dict_merge	由緒書	ゆいしょがき
ruby_dict_merge	甲子	かつし
ruby_dict_merge	甲所	カンドコ
ruby_dict_merge	甲斐	かひ
ruby_dict_merge	甲斐	がい
ruby_dict_merge	甲蔵	こうぞう
ruby_dict_merge	甲象	こうぞう
ruby_dict_merge	男信	なましな
ruby_dict_merge	男子	なんし
ruby_dict_merge	男衆	おとこし
ruby_dict_merge	男衾三郎絵巻	おぶすまさぶろうえまき
ruby_dict_merge	男餓鬼	をがき
ruby_dict_merge	町奉行	まちぶぎょう
ruby_dict_merge	畝傍山	うねびやま
ruby_dict_merge	異世界転生	いせかいてんせい
ruby_dict_merge	異母弟	いぼてい
ruby_dict_merge	異類婚姻譚	いるいこんいんたん
ruby_dict_merge	畳薦	たたみこも
ruby_dict_merge	當麻	とうま
ruby_dict_merge	疎略	そらく
ruby_dict_merge	疫病	えきびょう
ruby_dict_merge	疱瘡	ほうそう
ruby_dict_merge	疲労困憊	ひろうこんぱい
ruby_dict_merge	病草紙	やまいのそうし
ruby_dict_merge	瘧病	おこりやみ
ruby_dict_merge	癸亥年	みずのといのとし
ruby_dict_merge	発意	ほつい
ruby_dict_merge	発目明	はつめめい
ruby_dict_merge	発祥地	はっしょうち
ruby_dict_merge	白刃一閃	はくじんいっせん
ruby_dict_merge	白妙	しろたへ
ruby_dict_merge	白拍子	しらびやうし
ruby_dict_merge	白拍子	しらびょうし
ruby_dict_merge	白拍子	しらびようし
ruby_dict_merge	白楽天	はくらくてん
ruby_dict_merge	白水	しらみず
ruby_dict_merge	白河	しらかは
ruby_dict_merge	白石	しろいし
ruby_dict_merge	白石	はくせき
ruby_dict_merge	白砂	しらすな
ruby_dict_merge	白砂青松	はくしゃせいしょう
ruby_dict_merge	白縮緬	しろちりめん
ruby_dict_merge	白萩	しらはぎ
ruby_dict_merge	白蓮教	びゃくれんきょう
ruby_dict_merge	白蓮華	びゃくれんげ
ruby_dict_merge	白藤	はくとう
ruby_dict_merge	白金	しろがね
ruby_dict_merge	白銀	しろがね
ruby_dict_merge	白雲朧	しらくもおぼろ
ruby_dict_merge	白革	しらかわ
ruby_dict_merge	白駒	はくく
ruby_dict_merge	白鳥	しらとり
ruby_dict_merge	百々佑利子	ももゆりこ
ruby_dict_merge	百世	ひゃくせい
ruby_dict_merge	百代	ひゃくだい
ruby_dict_merge	百地丹波	ももちたんば
ruby_dict_merge	百姓	ひゃくせい
ruby_dict_merge	百工	ひゃくこう
ruby_dict_merge	百物	ひゃくぶつ
ruby_dict_merge	百重波	ももえなみ
ruby_dict_merge	百首和歌	ひゃくしゅわか
ruby_dict_merge	百首歌	ひゃくしゅうた
ruby_dict_merge	百骸九竅	ひやくがいきうけう
ruby_dict_merge	皆川淇園	みながわきえん
ruby_dict_merge	皆焼	ひたつら
ruby_dict_merge	皇侃	おうがん
ruby_dict_merge	皇后	くわうごう
ruby_dict_merge	皇国	みくに
ruby_dict_merge	皇大神宮	こうたいじんぐう
ruby_dict_merge	皇子	おうじ
ruby_dict_merge	皇子	わうじ
ruby_dict_merge	皇孫	すめみま
ruby_dict_merge	皇民化	こうみんか
ruby_dict_merge	皦如	きょうじょ
ruby_dict_merge	皮細工師	かわざいくし
ruby_dict_merge	皮金	かはがね
ruby_dict_merge	皿小鉢	さらこばち
ruby_dict_merge	盂蘭盆会	うらぼんえ
ruby_dict_merge	益子	ますこ
ruby_dict_merge	盛者必衰	じやうしやひつすい
ruby_dict_merge	盛者必衰	じょうしゃひっすい
ruby_dict_merge	盛饌	せいせん
ruby_dict_merge	監軍	かんぐん
ruby_dict_merge	盧武鉉	ノムヒョン
ruby_dict_merge	盧泰愚	ノテウ
ruby_dict_merge	盧溝橋	ろこうきょう
ruby_dict_merge	盧舎那仏	るしやなぶつ
ruby_dict_merge	目犍連	もくけんれん
ruby_dict_merge	目見	めみ
ruby_dict_merge	目鼻立	めはなだち
ruby_dict_merge	直下	じきげ
ruby_dict_merge	直刃	すぐは
ruby_dict_merge	直弟子	じきでし
ruby_dict_merge	直文	なおぶみ
ruby_dict_merge	直江兼続	なおえかねつぐ
ruby_dict_merge	相伝	さうでん
ruby_dict_merge	相国	しやうこく
ruby_dict_merge	相楽左之助	さがらさのすけ
ruby_dict_merge	相楽総三	さがらそうぞう
ruby_dict_merge	相模国	さがみのくに
ruby_dict_merge	相模太郎	サガミタロウ
ruby_dict_merge	相模湾	さがみわん
ruby_dict_merge	相続権	そうぞくけん
ruby_dict_merge	相転移	そうてんい
ruby_dict_merge	相馬御風	そうまぎょふう
ruby_dict_merge	相馬遷子	そうませんし
ruby_dict_merge	眉目	みめ
ruby_dict_merge	県令	けんれい
ruby_dict_merge	真中	まんなか
ruby_dict_merge	真之	さねゆき
ruby_dict_merge	真名井	まなゐ
ruby_dict_merge	真壁	まかべ
ruby_dict_merge	真戸呉緒	まどくれお
ruby_dict_merge	真朱	まそほ
ruby_dict_merge	真源寺	しんげんじ
ruby_dict_merge	真玉手	またまで
ruby_dict_merge	真田信繁	さなだのぶしげ
ruby_dict_merge	真田昌幸	さなだまさゆき
ruby_dict_merge	真菰草	まこもぐさ
ruby_dict_merge	真言宗	しんごんしゅう
ruby_dict_merge	真諦	しんだい
ruby_dict_merge	眼深	まぶか
ruby_dict_merge	睨合	にらみあい
ruby_dict_merge	瞽者	こしゃ
ruby_dict_merge	矢張	やはり
ruby_dict_merge	知囊	ちのう
ruby_dict_merge	知行米	ちぎょうまい
ruby_dict_merge	知足院	ちそくいん
ruby_dict_merge	矮屋	わいおく
ruby_dict_merge	石井研堂	いしいけんどう
ruby_dict_merge	石原慎太郎	いしはらしんたろう
ruby_dict_merge	石原莞爾	いしはらかんじ
ruby_dict_merge	石原裕次郎	いしはらゆうじろう
ruby_dict_merge	石川五右衛門	いしかわごえもん
ruby_dict_merge	石川数正	いしかわかずまさ
ruby_dict_merge	石川淳	いしかわじゅん
ruby_dict_merge	石椎	いしつつ
ruby_dict_merge	石橋辰之助	いしばしたつのすけ
ruby_dict_merge	石灯籠	いしどうろう
ruby_dict_merge	石燈篭	いしどうろう
ruby_dict_merge	石狩川	いしかりがわ
ruby_dict_merge	石田三成	いしだみつなり
ruby_dict_merge	石田梅岩	いしだばいがん
ruby_dict_merge	石田波郷	いしだはきょう
ruby_dict_merge	石神千空	いしがみせんくう
ruby_dict_merge	石見	いはみ
ruby_dict_merge	石見銀山	いわみぎんざん
ruby_dict_merge	砂藤力道	さとうりきどう
ruby_dict_merge	砲煙弾雨	ほうえんだんう
ruby_dict_merge	硝子戸	ガラスど
ruby_dict_merge	硝子板	ガラスいた
ruby_dict_merge	硝子窓	ガラスまど
ruby_dict_merge	硫黄島	いおうとう
ruby_dict_merge	硬骨漢	こうこつかん
ruby_dict_merge	硯友社	けんゆうしゃ
ruby_dict_merge	磨製石器	ませいせっき
ruby_dict_merge	示導動機	しどうどうき
ruby_dict_merge	礼紙	らいし
ruby_dict_merge	祇園	ぎをん
ruby_dict_merge	祇園祭	ぎおんまつり
ruby_dict_merge	祇園精舎	ぎおんしょうじゃ
ruby_dict_merge	祇園精舎	ぎをんしやうじや
ruby_dict_merge	祇女	ぎによ
ruby_dict_merge	祇樹	ぎじゅ
ruby_dict_merge	祈年祭	としごいのまつり
ruby_dict_merge	祈本里香	おりもとりか
ruby_dict_merge	祈禱室	きとうしつ
ruby_dict_merge	祖母	ばあ
ruby_dict_merge	祖父	じい
ruby_dict_merge	神世七代	かみよななよ
ruby_dict_merge	神人	じにん
ruby_dict_merge	神仏	かみほとけ
ruby_dict_merge	神代	かみよ
ruby_dict_merge	神代利世	かみしろりぜ
ruby_dict_merge	神功皇后	じんぐうこうごう
ruby_dict_merge	神勅	しんちょく
ruby_dict_merge	神名帳	じんみょうちょう
ruby_dict_merge	神呪	じんじゅ
ruby_dict_merge	神妙	しんべう
ruby_dict_merge	神婚説話	しんこんせつわ
ruby_dict_merge	神官	じんぐわん
ruby_dict_merge	神度剣	かむどのつるぎ
ruby_dict_merge	神御衣	かむみそ
ruby_dict_merge	神戸	かんべ
ruby_dict_merge	神武天皇	じんむてんのう
ruby_dict_merge	神沢	かんざわ
ruby_dict_merge	神田須田町	かんだすだちょう
ruby_dict_merge	神皇正統記	じんのうしょうとうき
ruby_dict_merge	神社	じんじや
ruby_dict_merge	神祇令	じんぎりょう
ruby_dict_merge	神統記	しんとうき
ruby_dict_merge	神護寺	じんごじ
ruby_dict_merge	神谷越路郎	かみやこしじろう
ruby_dict_merge	神通	じんづう
ruby_dict_merge	神通力	じんづうりき
ruby_dict_merge	神道五部書	しんとうごぶしょ
ruby_dict_merge	神風	しんぷう
ruby_dict_merge	禅林寺	ぜんりんじ
ruby_dict_merge	禍津日神	まがつひのかみ
ruby_dict_merge	福地源一郎	ふくちげんいちろう
ruby_dict_merge	福島小蕾	ふくしましょうらい
ruby_dict_merge	福島正則	ふくしままさのり
ruby_dict_merge	福沢諭吉	ふくざわゆきち
ruby_dict_merge	福田	ふくでん
ruby_dict_merge	福田康夫	ふくだやすお
ruby_dict_merge	福田赳夫	ふくだたけお
ruby_dict_merge	福祚	ふくそ
ruby_dict_merge	福音書	ふくいんしょ
ruby_dict_merge	禪院真依	ぜんいんまい
ruby_dict_merge	禪院真希	ぜんいんまき
ruby_dict_merge	秀歌	しうか
ruby_dict_merge	私奴婢	しぬひ
ruby_dict_merge	私家集	しかしゅう
ruby_dict_merge	私撰集	しせんしゅう
ruby_dict_merge	私物化	しぶつか
ruby_dict_merge	秋山之下氷壮夫	あきやまのしたひをとこ
ruby_dict_merge	秋江	しゅうこう
ruby_dict_merge	秋篠月清集	あきしのげっせいしゅう
ruby_dict_merge	秋萩帖	あきはぎじょう
ruby_dict_merge	秋骨	しゅうこつ
ruby_dict_merge	租借権	そしゃくけん
ruby_dict_merge	秦日綱	しんじつこう
ruby_dict_merge	称吉	しょうきち
ruby_dict_merge	称名寺	しょうみょうじ
ruby_dict_merge	稀咲鉄太	きさきてった
ruby_dict_merge	稀覯本	きこうぼん
ruby_dict_merge	稔彦	なるひこ
ruby_dict_merge	稗田阿礼	ひえだのあれ
ruby_dict_merge	稜威言別	いつのことわき
ruby_dict_merge	種々	くさぐさ
ruby_dict_merge	種子	たね
ruby_dict_merge	種実	しゅじつ
ruby_dict_merge	種村季弘	たねむらすえひろ
ruby_dict_merge	稲城	いなき
ruby_dict_merge	稲嶺恵一	いなみねけいいち
ruby_dict_merge	稲村三伯	いなむらさんぱく
ruby_dict_merge	稲生沢川	いのうざわがわ
ruby_dict_merge	稲生物怪録	いのうもののけろく
ruby_dict_merge	稲生若水	いのうじゃくすい
ruby_dict_merge	稲荷山	いなりやま
ruby_dict_merge	穂積八束	ほづみやつか
ruby_dict_merge	穴山信君	あなやまのぶただ
ruby_dict_merge	穴山梅雪	あなやまばいせつ
ruby_dict_merge	穴穂部皇子	あなほべのみこ
ruby_dict_merge	穴穂部間人皇女	あなほべのはしひとのひめみこ
ruby_dict_merge	究竟	くきょう
ruby_dict_merge	究竟	くつきやう
ruby_dict_merge	究竟涅槃	くきょうねはん
ruby_dict_merge	空也上人	くうやしょうにん
ruby_dict_merge	空仮中	くうげちゅう
ruby_dict_merge	空処	くうしょ
ruby_dict_merge	空咳	からぜき
ruby_dict_merge	空天	くうてん
ruby_dict_merge	空車	むなぐるま
ruby_dict_merge	突棒	つきぼう
ruby_dict_merge	突破口	とっぱこう
ruby_dict_merge	窓硝子	まどガラス
ruby_dict_merge	窘窮	きんきゅう
ruby_dict_merge	立川梨理華	たちかわりりか
ruby_dict_merge	立烏帽子	たてえぼし
ruby_dict_merge	立花	りっか
ruby_dict_merge	立飛	たちひ
ruby_dict_merge	童姿	わらわすがた
ruby_dict_merge	竪穴住居	たてあなじゅうきょ
ruby_dict_merge	端境期	はざかいき
ruby_dict_merge	端緒	たんちょ
ruby_dict_merge	競技会	きょうぎかい
ruby_dict_merge	競渡	きょうと
ruby_dict_merge	竹下登	たけしたのぼる
ruby_dict_merge	竹内	たけのうち
ruby_dict_merge	竹内力	たけうちりき
ruby_dict_merge	竹内式部	たけのうちしきぶ
ruby_dict_merge	竹取物語	たけとりものがたり
ruby_dict_merge	竹崎	たけさき
ruby_dict_merge	竹本義太夫	たけもとぎだゆう
ruby_dict_merge	竹柏	ちくはく
ruby_dict_merge	竹田	たけだ
ruby_dict_merge	竹田出雲	たけだいずも
ruby_dict_merge	竹盛天雄	たけもりてんゆう
ruby_dict_merge	竺仙	ちくせん
ruby_dict_merge	笛口雛実	ふえぐちひなみ
ruby_dict_merge	笠原十九司	かさはらとくし
ruby_dict_merge	笠女郎	かさのいらつめ
ruby_dict_merge	笠木	かさき
ruby_dict_merge	笠縫	かさぬい
ruby_dict_merge	笠縫	かさぬひ
ruby_dict_merge	笠縫村	かさぬいむら
ruby_dict_merge	笠野沙菜	かさのさな
ruby_dict_merge	第宅	ていたく
ruby_dict_merge	等間隔	とうかんかく
ruby_dict_merge	筑波山	つくばさん
ruby_dict_merge	筑波嶺	つくばね
ruby_dict_merge	筑紫	つくし
ruby_dict_merge	箇処	かしょ
ruby_dict_merge	箕作秋坪	みつくりしゅうへい
ruby_dict_merge	箕谷	みたに
ruby_dict_merge	算数	さんじゅ
ruby_dict_merge	管領	かんれい
ruby_dict_merge	箭田珠勝大兄皇子	やたのたまかつのおおえのみこ
ruby_dict_merge	節会	せちゑ
ruby_dict_merge	節用集	せつようしゅう
ruby_dict_merge	築地	ついじ
ruby_dict_merge	篠原幸紀	しのはらゆきのり
ruby_dict_merge	篠原鳳作	しのはらほうさく
ruby_dict_merge	籐椅子	とういす
ruby_dict_merge	籠手山駿河	こてやまするが
ruby_dict_merge	籠釣瓶花街酔醒	かごつるべさとのえいざめ
ruby_dict_merge	籩豆	へんとう
ruby_dict_merge	米原市	まいばらし
ruby_dict_merge	米林才子	よねばやしさいこ
ruby_dict_merge	米澤穂信	よねざわほのぶ
ruby_dict_merge	粉河寺縁起	こかわでらえんぎ
ruby_dict_merge	粉骨砕身	ふんこつさいしん
ruby_dict_merge	粘土板	ねんどばん
ruby_dict_merge	粛宗	スクチョン
ruby_dict_merge	粟津	あはづ
ruby_dict_merge	粟生	あはふ
ruby_dict_merge	粟畠	あわばたけ
ruby_dict_merge	精励恪勤	せいれいかっきん
ruby_dict_merge	精勤	しょうごん
ruby_dict_merge	精緻化	せいちか
ruby_dict_merge	糞掃衣	ふんぞうえ
ruby_dict_merge	糠味噌	ぬかみそ
ruby_dict_merge	糸井重里	いといしげさと
ruby_dict_merge	糸満市	いとまんし
ruby_dict_merge	紀伊国	きいのくに
ruby_dict_merge	紀元前	きげんぜん
ruby_dict_merge	紀元後	きげんご
ruby_dict_merge	紀女郎	きのいらつめ
ruby_dict_merge	紀時文	きのときぶみ
ruby_dict_merge	紀有常	きのありつね
ruby_dict_merge	紀貫之	きのつらゆき
ruby_dict_merge	紅梅殿	こうばいどの
ruby_dict_merge	紅殻	べんがら
ruby_dict_merge	紅生姜	べにしょうが
ruby_dict_merge	紅皿欠皿	べにざらかけざら
ruby_dict_merge	紅葉	もみぢば
ruby_dict_merge	紅蓮地獄	ぐれんじごく
ruby_dict_merge	紅龍	ホンロン
ruby_dict_merge	純一	じゅんいつ
ruby_dict_merge	紙背文書	しはいもんじょ
ruby_dict_merge	素人芸	しろうとげい
ruby_dict_merge	素姓	スジャウ
ruby_dict_merge	素性	すじょう
ruby_dict_merge	素性法師	そせいほうし
ruby_dict_merge	紡績織	ばうせきおり
ruby_dict_merge	紫宸殿	ししンでん
ruby_dict_merge	紫微中台	しびちゅうだい
ruby_dict_merge	紫文要領	しぶんようりょう
ruby_dict_merge	紫香楽宮	しがらきのみや
ruby_dict_merge	細密画	さいみつが
ruby_dict_merge	細川護熙	ほそかわもりひろ
ruby_dict_merge	細木	さいき
ruby_dict_merge	紺屋	こんや
ruby_dict_merge	紺色	こんいろ
ruby_dict_merge	絁畳	きぬだたみ
ruby_dict_merge	経世会	けいせいかい
ruby_dict_merge	経世済民	けいせいさいみん
ruby_dict_merge	経信	つねのぶ
ruby_dict_merge	経国集	けいこくしゅう
ruby_dict_merge	結城秀康	ゆうきひでやす
ruby_dict_merge	結婚式	けっこんしき
ruby_dict_merge	結構	けつこう
ruby_dict_merge	結解状	けちげじょう
ruby_dict_merge	絞首刑	こうしゅけい
ruby_dict_merge	給孤独園	ぎっこどくおん
ruby_dict_merge	統道真伝	とうどうしんでん
ruby_dict_merge	絵金	えきん
ruby_dict_merge	絹布	きぬぬの
ruby_dict_merge	絽縮緬	ろちりめん
ruby_dict_merge	継子	ままこ
ruby_dict_merge	続日本紀	しょくにほんぎ
ruby_dict_merge	続日本紀	しよくにほんぎ
ruby_dict_merge	続歌	つぎうた
ruby_dict_merge	綜芸種智院	しゅげいしゅちいん
ruby_dict_merge	維摩経	ゆいまきょう
ruby_dict_merge	維衡	これひら
ruby_dict_merge	綱常	つなつね
ruby_dict_merge	網羅的	もうらてき
ruby_dict_merge	網野善彦	あみのよしひこ
ruby_dict_merge	綸命	りんめい
ruby_dict_merge	綾垣	あやかき
ruby_dict_merge	綾小路	あやこうじ
ruby_dict_merge	綿縮	めんちぢみ
ruby_dict_merge	緋村剣心	ひむらけんしん
ruby_dict_merge	緋色	ひいろ
ruby_dict_merge	総制	そうせい
ruby_dict_merge	総奏	そうそう
ruby_dict_merge	総理衙門	そうりがもん
ruby_dict_merge	緑葉	りょくよう
ruby_dict_merge	緒方洪庵	おがたこうあん
ruby_dict_merge	緘口令	かんこうれい
ruby_dict_merge	縕袍	おんぽう
ruby_dict_merge	縞模様	しまもよう
ruby_dict_merge	縦横	たてよこ
ruby_dict_merge	織女	おりめ
ruby_dict_merge	織田信長	おだのぶなが
ruby_dict_merge	織田信雄	おだのぶかつ
ruby_dict_merge	繫縛	けばく
ruby_dict_merge	繹如	えきじょ
ruby_dict_merge	纂要	さんよう
ruby_dict_merge	罪人	つみびと
ruby_dict_merge	置土産	おきみやげ
ruby_dict_merge	置目	おきめ
ruby_dict_merge	羅大綱	らだいこう
ruby_dict_merge	羅沢南	らたくなん
ruby_dict_merge	羅睺羅	らごら
ruby_dict_merge	羅須地人協会	らすちじんきょうかい
ruby_dict_merge	美々	びび
ruby_dict_merge	美味	うま
ruby_dict_merge	美徳山	みとくさん
ruby_dict_merge	美楯	みたて
ruby_dict_merge	美濃国	みののくに
ruby_dict_merge	美濃部達吉	みのべたつきち
ruby_dict_merge	美目	びもく
ruby_dict_merge	美綴綾子	みつづりあやこ
ruby_dict_merge	羚羊	かもしか
ruby_dict_merge	群書類従	ぐんしょるいじゅう
ruby_dict_merge	群鳥	むらとり
ruby_dict_merge	義井沙里	よしいさり
ruby_dict_merge	義太郎	ぎたろう
ruby_dict_merge	義捐金	ぎえんきん
ruby_dict_merge	義材	よしき
ruby_dict_merge	義疏	ぎそ
ruby_dict_merge	義経千本桜	よしつねせんぼんざくら
ruby_dict_merge	義経記	ぎけいき
ruby_dict_merge	義親	ぎしん
ruby_dict_merge	羯磨	こんま
ruby_dict_merge	羽地	はねち
ruby_dict_merge	羽柴秀吉	はしばひでよし
ruby_dict_merge	羽柴秀長	はしばひでなが
ruby_dict_merge	羽田	はねだ
ruby_dict_merge	羽田孜	はたつとむ
ruby_dict_merge	羽織袴	はおりはかま
ruby_dict_merge	羽鳥千尋	はとりちひろ
ruby_dict_merge	翁媼	おうおん
ruby_dict_merge	翁長雄志	おながたけし
ruby_dict_merge	翕如	きゅうじょ
ruby_dict_merge	翰林院	かんりんいん
ruby_dict_merge	老人	らうじん
ruby_dict_merge	老者	ろうしゃ
ruby_dict_merge	考訂	こうてい
ruby_dict_merge	耐二	たいじ
ruby_dict_merge	耳梨山	みみなしやま
ruby_dict_merge	耳無草	みみなぐさ
ruby_dict_merge	耳目	じぼく
ruby_dict_merge	耳郎響香	じろうきょうか
ruby_dict_merge	耳飾	みみかざり
ruby_dict_merge	耳鼻	にび
ruby_dict_merge	耳鼻咽喉科	じびいんこうか
ruby_dict_merge	耶律堯骨	ヤリツギョウコツ
ruby_dict_merge	耶律阿保機	ヤリツアボギ
ruby_dict_merge	聖体拝領	せいたいはいりょう
ruby_dict_merge	聖務日課	せいむにっか
ruby_dict_merge	聖徳太子	しょうとくたいし
ruby_dict_merge	聖所	せいしょ
ruby_dict_merge	聖教	しょうぎょう
ruby_dict_merge	聖明王	せいめいおう
ruby_dict_merge	聖衆来迎	しょうじゅらいごう
ruby_dict_merge	聖観音	しょうかんのん
ruby_dict_merge	聰察	そうさつ
ruby_dict_merge	聰悟	そうご
ruby_dict_merge	聰慧	そうけい
ruby_dict_merge	聰敏	そうびん
ruby_dict_merge	聰明	そうめい
ruby_dict_merge	聴受	ちょうじゅ
ruby_dict_merge	聶栄臻	じょうえいしん
ruby_dict_merge	肉眼	にくげん
ruby_dict_merge	股長	ももなが
ruby_dict_merge	肥前国	ひぜんのくに
ruby_dict_merge	肥塚	こいづか
ruby_dict_merge	胃潰瘍	いかいよう
ruby_dict_merge	背中	せな
ruby_dict_merge	背戸口	せどぐち
ruby_dict_merge	胡乱	こらん
ruby_dict_merge	胡寅	こいん
ruby_dict_merge	胡春華	こしゅんか
ruby_dict_merge	胡林翼	こりんよく
ruby_dict_merge	胡錦濤	こきんとう
ruby_dict_merge	胴間声	どうまごえ
ruby_dict_merge	能古島	のこのしま
ruby_dict_merge	能因歌枕	のういんうたまくら
ruby_dict_merge	能因法師	のういんほうし
ruby_dict_merge	能成	よししげ
ruby_dict_merge	能書	のうしょ
ruby_dict_merge	脊椎骨	せきついこつ
ruby_dict_merge	脚結	あゆい
ruby_dict_merge	脳味噌	のうみそ
ruby_dict_merge	脳梗塞	のうこうそく
ruby_dict_merge	腎不全	じんふぜん
ruby_dict_merge	腫物	はれもの
ruby_dict_merge	腰屛風	こしびょうぶ
ruby_dict_merge	腰巾着	こしぎんちゃく
ruby_dict_merge	膝下	ひざした
ruby_dict_merge	臙脂色	えんじいろ
ruby_dict_merge	臨場感	りんじょうかん
ruby_dict_merge	臨済宗	りんざいしゅう
ruby_dict_merge	自己嫌悪	じこけんお
ruby_dict_merge	自然	ジネン
ruby_dict_merge	自然居士	じねんこじ
ruby_dict_merge	自然木	しぜんぼく
ruby_dict_merge	自然木	じねんぼく
ruby_dict_merge	自然災害	しぜんさいがい
ruby_dict_merge	自然界	しぜんかい
ruby_dict_merge	自然真営道	しぜんしんえいどう
ruby_dict_merge	自然石	じねんせき
ruby_dict_merge	自然麻呂	じぜまろ
ruby_dict_merge	自由	じいう
ruby_dict_merge	自由太刀余波鋭鋒	じゆうのたちなごりのきれあじ
ruby_dict_merge	自由自在	じゆうじざい
ruby_dict_merge	自転軸	じてんじく
ruby_dict_merge	舂米	しょうまい
ruby_dict_merge	興味津々	きょうみしんしん
ruby_dict_merge	興福寺	こうふくじ
ruby_dict_merge	興行主	こうぎょうぬし
ruby_dict_merge	興行師	こうぎょうし
ruby_dict_merge	興譲館	こうじょうかん
ruby_dict_merge	舎利殿	しゃりでん
ruby_dict_merge	舎衛城	しゃえじょう
ruby_dict_merge	舎那	しゃな
ruby_dict_merge	舎那	しやな
ruby_dict_merge	舞踏会	ぶとうかい
ruby_dict_merge	舟軍	ふないくさ
ruby_dict_merge	航海者	こうかいしゃ
ruby_dict_merge	航空宇宙局	こうくううちゅうきょく
ruby_dict_merge	般若	はんにや
ruby_dict_merge	般若波羅蜜	はんにゃはらみつ
ruby_dict_merge	般若波羅蜜多	はんにゃはらみた
ruby_dict_merge	般若波羅蜜多	はんにゃはらみつた
ruby_dict_merge	般若波羅蜜多心經	はんにゃはらみつたしんぎょう
ruby_dict_merge	船場	せんば
ruby_dict_merge	船弁慶	ふなべんけい
ruby_dict_merge	船軍	ふないくさ
ruby_dict_merge	艪櫂	ろかい
ruby_dict_merge	艫舳	ともへ
ruby_dict_merge	良之進	りょうのしん
ruby_dict_merge	良子	よしこ
ruby_dict_merge	色目人	しきもくじん
ruby_dict_merge	色紙形	しきしがた
ruby_dict_merge	色身	しきしん
ruby_dict_merge	芝居	しばや
ruby_dict_merge	芝新網	しばしんあみ
ruby_dict_merge	芝眉	しび
ruby_dict_merge	芥子園画伝	かいしえんがでん
ruby_dict_merge	芥子粒	けしつぶ
ruby_dict_merge	芥川龍之介	あくたがわりゅうのすけ
ruby_dict_merge	芦戸三奈	あしどみな
ruby_dict_merge	花咲	はなさ
ruby_dict_merge	花垣武道	はながきたけみち
ruby_dict_merge	花嫁衣装	はなよめいしょう
ruby_dict_merge	花嫁衣裳	はなよめいしょう
ruby_dict_merge	花宴	はなのえん
ruby_dict_merge	花山	かざん
ruby_dict_merge	花山院	かざんいん
ruby_dict_merge	花房	はなぶさ
ruby_dict_merge	花旗	かき
ruby_dict_merge	花瓶	かへい
ruby_dict_merge	花色木綿	はないろもめん
ruby_dict_merge	花茣蓙	はなござ
ruby_dict_merge	芳春院	ほうしゅんいん
ruby_dict_merge	芸妓	げいこ
ruby_dict_merge	芸娼妓	げいしょうぎ
ruby_dict_merge	芸術家	げいじゅつか
ruby_dict_merge	苔寺	こけでら
ruby_dict_merge	苔筵	こけむしろ
ruby_dict_merge	苗族	ミャオぞく
ruby_dict_merge	若党	わかたう
ruby_dict_merge	若宮詩暢	わかみやしのぶ
ruby_dict_merge	若草伽藍	わかくさがらん
ruby_dict_merge	苦行者	くぎょうしゃ
ruby_dict_merge	苧麻	からむし
ruby_dict_merge	英弘	えいこう
ruby_dict_merge	英語名	えいごめい
ruby_dict_merge	茅野蕭々	ちのしょうしょう
ruby_dict_merge	茉莉	まり
ruby_dict_merge	茜色	あかねいろ
ruby_dict_merge	茫然自失	ぼうぜんじしつ
ruby_dict_merge	茶事	さじ
ruby_dict_merge	茶屋四郎次郎	ちゃやしろうじろう
ruby_dict_merge	草原	くさはら
ruby_dict_merge	草双紙	くさぞうし
ruby_dict_merge	草合	くさあわせ
ruby_dict_merge	草場一平	くさばいっぺい
ruby_dict_merge	草木	さうもく
ruby_dict_merge	草間時彦	くさまときひこ
ruby_dict_merge	草隷	そうれい
ruby_dict_merge	荒唐無稽	こうとうむけい
ruby_dict_merge	荒川義広	あらかわよしひろ
ruby_dict_merge	荒栲	あらたえ
ruby_dict_merge	荒神谷	こうじんだに
ruby_dict_merge	荒聖	あらひじり
ruby_dict_merge	荒野	あらの
ruby_dict_merge	荘厳	しょうごん
ruby_dict_merge	荘姜	そうきょう
ruby_dict_merge	荷田春満	かだのあずままろ
ruby_dict_merge	荻原守衛	おぎわらもりえ
ruby_dict_merge	荻生徂徠	おぎゅうそらい
ruby_dict_merge	荼毗	だび
ruby_dict_merge	莉莉	リリ
ruby_dict_merge	菅原伝授手習鑑	すがわらでんじゅてならいかがみ
ruby_dict_merge	菅原孝標	すがわらのたかすえ
ruby_dict_merge	菅原孝標女	すがわらのたかすえのむすめ
ruby_dict_merge	菅原道真	すがわらのみちざね
ruby_dict_merge	菅家後集	かんけこうしゅう
ruby_dict_merge	菅家文草	かんけぶんそう
ruby_dict_merge	菅江真澄	すがえますみ
ruby_dict_merge	菅田真奈美	すだまなみ
ruby_dict_merge	菅直人	かんなおと
ruby_dict_merge	菅義偉	すがよしひで
ruby_dict_merge	菊池秀明	きくちひであき
ruby_dict_merge	菖蒲	しやうぶ
ruby_dict_merge	菟原処女	うなひをとめ
ruby_dict_merge	菩提心	ぼだいしん
ruby_dict_merge	菩提流支	ぼだいるし
ruby_dict_merge	菩提達磨	ぼだいだるま
ruby_dict_merge	華厳宗	けごんしゅう
ruby_dict_merge	華奢	きやしや
ruby_dict_merge	華陽国志	かようこくし
ruby_dict_merge	華香	けこう
ruby_dict_merge	菱川師宣	ひしかわもろのぶ
ruby_dict_merge	萩原朔太郎	はぎわらさくたろう
ruby_dict_merge	萩原笙子	はぎわらしょうこ
ruby_dict_merge	落文	おとしぶみ
ruby_dict_merge	落足	おちあし
ruby_dict_merge	葛布	くずぬの
ruby_dict_merge	葛木宗一郎	くずきそういちろう
ruby_dict_merge	葛飾北斎	かつしかほくさい
ruby_dict_merge	葡萄唐草	ぶどうからくさ
ruby_dict_merge	葦原	あしはら
ruby_dict_merge	葦原	あしわら
ruby_dict_merge	葦原中国	あしはらのなかつくに
ruby_dict_merge	葦津珍彦	あしづうずひこ
ruby_dict_merge	葦穂山	あしほやま
ruby_dict_merge	葦船	あしぶね
ruby_dict_merge	蒙古襲来	もうこしゅうらい
ruby_dict_merge	蒙得恩	もうとくおん
ruby_dict_merge	蒙求	もうぎゅう
ruby_dict_merge	蒲原有明	かんばらありあけ
ruby_dict_merge	蒲生君平	がもうくんぺい
ruby_dict_merge	蒲生芳郎	がもうよしろう
ruby_dict_merge	蒸籠	せいろう
ruby_dict_merge	蒼空	あおぞら
ruby_dict_merge	蓑笠	みのかさ
ruby_dict_merge	蓑衣	さい
ruby_dict_merge	蓬萊山	ほうらいさん
ruby_dict_merge	蓮葉	はちすば
ruby_dict_merge	蔣介石	しょうかいせき
ruby_dict_merge	蔭位	おんい
ruby_dict_merge	蔵人	くらんど
ruby_dict_merge	蔵人所	くろうどどころ
ruby_dict_merge	蕃書調所	ばんしょしらべしょ
ruby_dict_merge	蕭朝貴	しょうちょうき
ruby_dict_merge	薄紅	うすくれない
ruby_dict_merge	薄青	うすあを
ruby_dict_merge	薔薇	しょうび
ruby_dict_merge	薛福成	せつふくせい
ruby_dict_merge	薦枕	こもまくら
ruby_dict_merge	薩埵	さつた
ruby_dict_merge	薩摩国	さつまのくに
ruby_dict_merge	薩摩守	さつまのかみ
ruby_dict_merge	薬師	くすし
ruby_dict_merge	薬師	くすりし
ruby_dict_merge	藍染惣右介	あいぜんそうすけ
ruby_dict_merge	藍色	あいいろ
ruby_dict_merge	藐視	びょうし
ruby_dict_merge	藤井裕久	ふじいひろひさ
ruby_dict_merge	藤原	ふじわらの
ruby_dict_merge	藤原	ふぢはら
ruby_dict_merge	藤原不比等	ふじわらのふひと
ruby_dict_merge	藤原俊成	ふじわらのしゅんぜい
ruby_dict_merge	藤原保昌	ふじわらのやすまさ
ruby_dict_merge	藤原信頼	ふじわらののぶより
ruby_dict_merge	藤原公任	ふじわらのきんとう
ruby_dict_merge	藤原公成	ふじわらのきんなり
ruby_dict_merge	藤原兼家	ふじわらのかねいえ
ruby_dict_merge	藤原兼輔	ふじわらのかねすけ
ruby_dict_merge	藤原冬嗣	ふじわらのふゆつぐ
ruby_dict_merge	藤原基房	ふじわらのもとふさ
ruby_dict_merge	藤原基経	ふじわらのもとつね
ruby_dict_merge	藤原宗忠	ふじわらのむねただ
ruby_dict_merge	藤原定家	ふじわらのていか
ruby_dict_merge	藤原定方	ふじわらのさだかた
ruby_dict_merge	藤原実定	ふじわらのさねさだ
ruby_dict_merge	藤原実頼	ふじわらのさねより
ruby_dict_merge	藤原家隆	ふじわらのいえたか
ruby_dict_merge	藤原師実	ふじわらのもろざね
ruby_dict_merge	藤原師輔	ふじわらのもろすけ
ruby_dict_merge	藤原広嗣	ふじわらのひろつぐ
ruby_dict_merge	藤原彰	ふじわらあきら
ruby_dict_merge	藤原忠平	ふじわらのただひら
ruby_dict_merge	藤原忠通	ふじわらのただみち
ruby_dict_merge	藤原教通	ふじわらののりみち
ruby_dict_merge	藤原時平	ふじわらのときひら
ruby_dict_merge	藤原永手	ふじわらのながて
ruby_dict_merge	藤原清河	ふじわらのきよかわ
ruby_dict_merge	藤原清輔	ふじわらのきよすけ
ruby_dict_merge	藤原秀衡	ふじわらのひでひら
ruby_dict_merge	藤原純友	ふじわらのすみとも
ruby_dict_merge	藤原継蔭	ふじわらのつぐかげ
ruby_dict_merge	藤原良房	ふじわらのよしふさ
ruby_dict_merge	藤原良経	ふじわらのよしつね
ruby_dict_merge	藤原資房	ふじわらのすけふさ
ruby_dict_merge	藤原道綱母	ふじわらのみちつなのはは
ruby_dict_merge	藤原道長	ふじわらのみちなが
ruby_dict_merge	藤原部等母麻呂	ふじわらべのともまろ
ruby_dict_merge	藤原鎌足	ふじわらのかまたり
ruby_dict_merge	藤原頼通	ふじわらのよりみち
ruby_dict_merge	藤原高子	ふじわらのたかいこ
ruby_dict_merge	藤堂高虎	とうどうたかとら
ruby_dict_merge	藤子不二雄Ａ	ふじこふじおエー
ruby_dict_merge	藤本義一	ふじもとぎいち
ruby_dict_merge	藤村	とうそん
ruby_dict_merge	藤村大河	ふじむらたいが
ruby_dict_merge	藤田五郎	ふじたごろう
ruby_dict_merge	藤裏葉	ふじのうらば
ruby_dict_merge	藩翰譜	はんかんふ
ruby_dict_merge	藻塩	もしほ
ruby_dict_merge	蘆屋貞綱	あしやさだつな
ruby_dict_merge	蘇我小姉君	そがのおあねのきみ
ruby_dict_merge	蘇我蝦夷	そがのえみし
ruby_dict_merge	蘇我赤兄	そがのあかえ
ruby_dict_merge	蘇我馬子	そがのうまこ
ruby_dict_merge	蘇東坡	そとうば
ruby_dict_merge	蘭学事始	らんがくことはじめ
ruby_dict_merge	蘭学階梯	らんがくかいてい
ruby_dict_merge	蘭渓道隆	らんけいどうりゅう
ruby_dict_merge	虎太郎	とらたろう
ruby_dict_merge	虎杖悠仁	いたどりゆうじ
ruby_dict_merge	虎視眈々	こしたんたん
ruby_dict_merge	虎関師錬	こかんしれん
ruby_dict_merge	虚妄	こもう
ruby_dict_merge	蚊帳	かちょう
ruby_dict_merge	蛋白質	たんぱくしつ
ruby_dict_merge	蛭子	ひるこ
ruby_dict_merge	蜂須賀家政	はちすかいえまさ
ruby_dict_merge	蜆縮凉鼓集	けんしゅくりょうこしゅう
ruby_dict_merge	蜻蛉日記	かげろうにっき
ruby_dict_merge	蝙蝠	かうもり
ruby_dict_merge	蝶々夫人	ちょうちょうふじん
ruby_dict_merge	融通無礙	ゆうずうむげ
ruby_dict_merge	蟬丸	せみまる
ruby_dict_merge	蟹瀬誠一	かにせせいいち
ruby_dict_merge	蠣殻	かきがら
ruby_dict_merge	血杯	ちさかずき
ruby_dict_merge	衆星	しゅうせい
ruby_dict_merge	衆生	しゆじやう
ruby_dict_merge	行幸	みゆき
ruby_dict_merge	行成	ゆきなり
ruby_dict_merge	行方	なめがた
ruby_dict_merge	行方不明	ゆくえふめい
ruby_dict_merge	行末	ゆくすゑ
ruby_dict_merge	行深	ぎょうじん
ruby_dict_merge	行綱	ゆきつな
ruby_dict_merge	行脚	あんぎや
ruby_dict_merge	行行	こうこう
ruby_dict_merge	行衛	ゆくえ
ruby_dict_merge	衛星国	えいせいこく
ruby_dict_merge	衛門	ゑもん
ruby_dict_merge	衛門督	ゑもんのかみ
ruby_dict_merge	衣川	ころもがわ
ruby_dict_merge	衣鉢	えはつ
ruby_dict_merge	表面	へうめん
ruby_dict_merge	袁世凱	えんせいがい
ruby_dict_merge	袁崇煥	えんすうかん
ruby_dict_merge	袋草紙	ふくろぞうし
ruby_dict_merge	被物	かぶりもの
ruby_dict_merge	装束	しやうぞく
ruby_dict_merge	裔孫	えいそん
ruby_dict_merge	裕計	ゆうけい
ruby_dict_merge	裙子	くんず
ruby_dict_merge	補身湯	ポシンタン
ruby_dict_merge	裴松之	はいしょうし
ruby_dict_merge	襁褓	むつき
ruby_dict_merge	襦袢	じばん
ruby_dict_merge	西京	にしぎょう
ruby_dict_merge	西京区	にしきょうく
ruby_dict_merge	西原理恵子	さいばらりえこ
ruby_dict_merge	西周	にしあまね
ruby_dict_merge	西国	さいこく
ruby_dict_merge	西国立志編	さいごくりっしへん
ruby_dict_merge	西園寺公宗	さいおんじきんむね
ruby_dict_merge	西園寺公望	さいおんじきんもち
ruby_dict_merge	西域	さいいき
ruby_dict_merge	西広	さいひろ
ruby_dict_merge	西方浄土	さいはうじやうど
ruby_dict_merge	西本願寺	にしほんがんじ
ruby_dict_merge	西東京	にしとうきよう
ruby_dict_merge	西牟婁郡	にしむろぐん
ruby_dict_merge	西田佐知子	にしださちこ
ruby_dict_merge	西田正規	にしだまさき
ruby_dict_merge	西磐井郡	にしいわいぐん
ruby_dict_merge	西行法師	さいぎょうほうし
ruby_dict_merge	西部邁	にしべすすむ
ruby_dict_merge	西郷義勝	さいごうよしかつ
ruby_dict_merge	西郷隆盛	さいごうたかもり
ruby_dict_merge	西野貴未	にしのきみ
ruby_dict_merge	覆載	ふくさい
ruby_dict_merge	見参	げんざん
ruby_dict_merge	見張	みは
ruby_dict_merge	見物	みもの
ruby_dict_merge	見聞	けんもん
ruby_dict_merge	親王	しんわう
ruby_dict_merge	観世音寺	かんぜおんじ
ruby_dict_merge	観音寺	かんのんじ
ruby_dict_merge	觀自在	かんじざい
ruby_dict_merge	角鹿	つぬが
ruby_dict_merge	解説	げせつ
ruby_dict_merge	言峰綺礼	ことみねきれい
ruby_dict_merge	言挙	ことあげ
ruby_dict_merge	討手	うつて
ruby_dict_merge	訓蒙図彙	きんもうずい
ruby_dict_merge	記紀歌謡	ききかよう
ruby_dict_merge	訶梨帝母	かりていも
ruby_dict_merge	註解	ちゅうげ
ruby_dict_merge	評定	ひやうぢやう
ruby_dict_merge	詞花集	しかしゅう
ruby_dict_merge	詞華集	しかしゅう
ruby_dict_merge	詠歌大概	えいがのたいがい
ruby_dict_merge	詠物	えいぶつ
ruby_dict_merge	試行錯誤	しこうさくご
ruby_dict_merge	説文解字	せつもんかいじ
ruby_dict_merge	読史余論	とくしよろん
ruby_dict_merge	読書人	どくしょじん
ruby_dict_merge	読本	よみほん
ruby_dict_merge	読誦	どくじゅ
ruby_dict_merge	読谷村	よみたんそん
ruby_dict_merge	課役	かやく
ruby_dict_merge	誹諧歌	はいかいか
ruby_dict_merge	誾誾	ぎんぎん
ruby_dict_merge	調練	てうれん
ruby_dict_merge	論功行賞	ろんこうこうしょう
ruby_dict_merge	論衡	ろんこう
ruby_dict_merge	論語徴	ろんごちょう
ruby_dict_merge	論語義疏	ろんごぎそ
ruby_dict_merge	論語集解	ろんごしっかい
ruby_dict_merge	諳厄利亜	あんげりあ
ruby_dict_merge	諸人	もろびと
ruby_dict_merge	諸伏高明	もろふしたかあき
ruby_dict_merge	諸大夫	しよだいぶ
ruby_dict_merge	諸葛亮孔明	しょかつりょうこうめい
ruby_dict_merge	諸葛孔明	しょかつこうめい
ruby_dict_merge	諸行無常	しよぎやうむじやう
ruby_dict_merge	謄写版	とうしゃばん
ruby_dict_merge	講孟余話	こうもうよわ
ruby_dict_merge	謝肉祭	しゃにくさい
ruby_dict_merge	謡本	うたいぼん
ruby_dict_merge	識語	しご
ruby_dict_merge	譚紹光	たんしょうこう
ruby_dict_merge	護持僧	ごじそう
ruby_dict_merge	讃岐国	さぬきのくに
ruby_dict_merge	谷中村	やなかむら
ruby_dict_merge	谷垣禎一	たにがきさだかず
ruby_dict_merge	谷底	たにぞこ
ruby_dict_merge	谷時中	たにじちゅう
ruby_dict_merge	谷知子	たにともこ
ruby_dict_merge	豆腐屋	とうふや
ruby_dict_merge	豊富	とよとみ
ruby_dict_merge	豊平	トヨヒラ
ruby_dict_merge	豊後国	ぶんごのくに
ruby_dict_merge	豊御酒	とよみき
ruby_dict_merge	豊旗雲	とよはたぐも
ruby_dict_merge	豊穣神	ほうじょうしん
ruby_dict_merge	豊臣秀吉	とよとみひでよし
ruby_dict_merge	豊臣秀頼	とよとみひでより
ruby_dict_merge	豊葦原	とよあしはら
ruby_dict_merge	象形文字	しょうけいもじ
ruby_dict_merge	豪気	ごうき
ruby_dict_merge	豪華絢爛	ごうかけんらん
ruby_dict_merge	貝原益軒	かいばらえきけん
ruby_dict_merge	貞享暦	じょうきょうれき
ruby_dict_merge	貞山堀	ていざんぼり
ruby_dict_merge	貞観政要	じょうがんせいよう
ruby_dict_merge	財部彪	たからべたけし
ruby_dict_merge	貧民窟	ひんみんくつ
ruby_dict_merge	貧窮	びんぐう
ruby_dict_merge	貪欲	とんよく
ruby_dict_merge	貪著	とんじゃく
ruby_dict_merge	貯蔵穴	ちょぞうけつ
ruby_dict_merge	貴婦人	きふじん
ruby_dict_merge	貴宮	あてみや
ruby_dict_merge	貴穀賤金	きこくせんきん
ruby_dict_merge	賀古鶴所	かこつるど
ruby_dict_merge	賀川豊彦	かがわとよひこ
ruby_dict_merge	賀茂	かも
ruby_dict_merge	賀茂真淵	かものまぶち
ruby_dict_merge	賀陽院	かやのいん
ruby_dict_merge	賈人	こじん
ruby_dict_merge	賊情	ぞくじょう
ruby_dict_merge	賢所	かしこどころ
ruby_dict_merge	賢王	けんおう
ruby_dict_merge	贄人	にえびと
ruby_dict_merge	贈答歌	ぞうとうか
ruby_dict_merge	贋金	がんきん
ruby_dict_merge	贓物	ぞうもつ
ruby_dict_merge	贔屓目	ひいきめ
ruby_dict_merge	赤井秀一	あかいしゅういち
ruby_dict_merge	赤山	あかやま
ruby_dict_merge	赤末有人	あかまつあるんど
ruby_dict_merge	赤松則良	あかまつのりよし
ruby_dict_merge	赤松麻紀	あかまつまき
ruby_dict_merge	赤漆	あかうるし
ruby_dict_merge	赤煉瓦	あかれんが
ruby_dict_merge	赤蝦夷風説考	あかえぞふうせつこう
ruby_dict_merge	赤鱏	あかえひ
ruby_dict_merge	赤黒血染	あかぐろちぞめ
ruby_dict_merge	赦免	しやめん
ruby_dict_merge	走水	はしりみず
ruby_dict_merge	起請文	きしやうもん
ruby_dict_merge	超新星爆発	ちょうしんせいばくはつ
ruby_dict_merge	越中国	えっちゅうのくに
ruby_dict_merge	趙匡胤	ちょうきょういん
ruby_dict_merge	趙高	てうかう
ruby_dict_merge	趣向	しゆかう
ruby_dict_merge	足利尊氏	あしかがたかうじ
ruby_dict_merge	足利義昭	あしかがよしあき
ruby_dict_merge	足尾銅山	あしおどうざん
ruby_dict_merge	足掛	あしかけ
ruby_dict_merge	足立山	あだちやま
ruby_dict_merge	足跡	そくせき
ruby_dict_merge	跫音	あしおと
ruby_dict_merge	路花	ろか
ruby_dict_merge	身代	しんだい
ruby_dict_merge	身相	しんそう
ruby_dict_merge	軍兵	ぐんびやう
ruby_dict_merge	軍子宮	グンコぐう
ruby_dict_merge	軍配団扇	ぐんばいうちわ
ruby_dict_merge	転変	テンベン
ruby_dict_merge	転婆	てんば
ruby_dict_merge	転輪聖王	てんりんじょうおう
ruby_dict_merge	軫念	しんねん
ruby_dict_merge	軽物	かるもの
ruby_dict_merge	軽賤	きょうせん
ruby_dict_merge	輔相	ほしょう
ruby_dict_merge	輪廻転生	りんねてんしょう
ruby_dict_merge	轆轤師	ろくろし
ruby_dict_merge	轟焦凍	とどろきしょうと
ruby_dict_merge	辛巳	しんし
ruby_dict_merge	辞気	じき
ruby_dict_merge	辰巳和弘	たつみかずひろ
ruby_dict_merge	辺境伯	へんきょうはく
ruby_dict_merge	辻君	つじぎみ
ruby_dict_merge	辻田克巳	つじたかつみ
ruby_dict_merge	迂闊者	うかつもの
ruby_dict_merge	近代秀歌	きんだいしゅうか
ruby_dict_merge	近松門左衛門	ちかまつもんざえもん
ruby_dict_merge	近江国	おうみのくに
ruby_dict_merge	近藤譲	こんどうじょう
ruby_dict_merge	近衛家	このえけ
ruby_dict_merge	近衛文麿	このえふみまろ
ruby_dict_merge	近親相姦	きんしんそうかん
ruby_dict_merge	迷庵	めいあん
ruby_dict_merge	追従	ついしょう
ruby_dict_merge	追従	ついしよう
ruby_dict_merge	追捕使	ついぶし
ruby_dict_merge	追討	ついたう
ruby_dict_merge	逃足	にげあし
ruby_dict_merge	逃避行	とうひこう
ruby_dict_merge	逆進性	ぎゃくしんせい
ruby_dict_merge	逐電	ちくでん
ruby_dict_merge	逗留	とうりう
ruby_dict_merge	通奏低音	つうそうていおん
ruby_dict_merge	通達	つうだつ
ruby_dict_merge	造士館	ぞうしかん
ruby_dict_merge	造立	ざうりふ
ruby_dict_merge	造船家	ぞうせんか
ruby_dict_merge	造酒司	みきのつかさ
ruby_dict_merge	逢坂恵夢	おうさかめぐむ
ruby_dict_merge	進藤帯刀	しんどうたてわき
ruby_dict_merge	逸心	はやりごころ
ruby_dict_merge	逸然	いつねん
ruby_dict_merge	遁世者	とんせいしゃ
ruby_dict_merge	運動靴	うんどうぐつ
ruby_dict_merge	過所	かしょ
ruby_dict_merge	過渡期	かとき
ruby_dict_merge	過越祭	すぎこしのまつり
ruby_dict_merge	道化師	どうけし
ruby_dict_merge	道化役	どうけやく
ruby_dict_merge	道心堅固	どうしんけんご
ruby_dict_merge	道祖神	どうそじん
ruby_dict_merge	道程	みちのり
ruby_dict_merge	道綱母	みちつなのはは
ruby_dict_merge	道遠	みちとお
ruby_dict_merge	達者	たつしや
ruby_dict_merge	遠国	おんごく
ruby_dict_merge	遠坂凛	とおさかりん
ruby_dict_merge	遠妻	とおづま
ruby_dict_merge	遠山和葉	とおやまかずは
ruby_dict_merge	遠山茂樹	とおやましげき
ruby_dict_merge	遠江国	とおとうみのくに
ruby_dict_merge	遠流	をんる
ruby_dict_merge	遠藤盛遠	えんどうもりとお
ruby_dict_merge	遠離	おんり
ruby_dict_merge	遣隋使	けんずいし
ruby_dict_merge	遮那	しやな
ruby_dict_merge	選帝侯	せんていこう
ruby_dict_merge	選民思想	せんみんしそう
ruby_dict_merge	遺存体	いそんたい
ruby_dict_merge	遺恨	ゐこん
ruby_dict_merge	避雷針	ひらいしん
ruby_dict_merge	還饗	かえりあるじ
ruby_dict_merge	那謨	なも
ruby_dict_merge	邪宗門	じゃしゅうもん
ruby_dict_merge	邪馬台国	やまたいこく
ruby_dict_merge	郎君	らうくん
ruby_dict_merge	郎従	らうじゆう
ruby_dict_merge	郎等	らうどう
ruby_dict_merge	郎等	ろうどう
ruby_dict_merge	郡内	ぐんない
ruby_dict_merge	郢書燕説	えいしょえんせつ
ruby_dict_merge	部瀬名岬	ぶせなみさき
ruby_dict_merge	郭松齢	かくしょうれい
ruby_dict_merge	郷試	きょうし
ruby_dict_merge	都合	つがふ
ruby_dict_merge	都大路	みやこおおじ
ruby_dict_merge	都府	とふ
ruby_dict_merge	都留重人	つるしげと
ruby_dict_merge	都良香	みやこのよしか
ruby_dict_merge	鄙事	ひじ
ruby_dict_merge	鄧小平	とうしょうへい
ruby_dict_merge	鄭声	ていせい
ruby_dict_merge	鄭玄	じょうげん
ruby_dict_merge	鄱陽湖	はようこ
ruby_dict_merge	酉陽雑俎	ゆうようざっそ
ruby_dict_merge	配偶者	はいぐうしゃ
ruby_dict_merge	配所	はいしよ
ruby_dict_merge	酒井忠次	さかいただつぐ
ruby_dict_merge	酒船	さかぶね
ruby_dict_merge	醍醐味	だいごみ
ruby_dict_merge	醍醐寺	だいごじ
ruby_dict_merge	釈尊	しやくそん
ruby_dict_merge	釈日本紀	しゃくにほんぎ
ruby_dict_merge	釈迦族	しゃかぞく
ruby_dict_merge	釈迦牟尼	しゃかむに
ruby_dict_merge	里長	さとをさ
ruby_dict_merge	重森孝子	しげもりたかこ
ruby_dict_merge	重畳	ちようでふ
ruby_dict_merge	重祚	ちょうそ
ruby_dict_merge	重科	ぢゆうくわ
ruby_dict_merge	野々村仁清	ののむらにんせい
ruby_dict_merge	野上	ノガミ
ruby_dict_merge	野上弥生子	のがみやえこ
ruby_dict_merge	野中柚希	のなかゆき
ruby_dict_merge	野中胡桃	のなかくるみ
ruby_dict_merge	野分	のわき
ruby_dict_merge	野呂元丈	のろげんじょう
ruby_dict_merge	野呂栄太郎	のろえいたろう
ruby_dict_merge	野尻抱影	のじりほうえい
ruby_dict_merge	野尻湖	のじりこ
ruby_dict_merge	野田佳彦	のだよしひこ
ruby_dict_merge	野蛮人	やばんじん
ruby_dict_merge	野見山朱鳥	のみやまあすか
ruby_dict_merge	野馬台詩	やばたいし
ruby_dict_merge	金与正	キムヨジョン
ruby_dict_merge	金丸信	かねまるしん
ruby_dict_merge	金光明最勝王経	こんこうみょうさいしょうおうきょう
ruby_dict_merge	金光明経	こんこうみょうきょう
ruby_dict_merge	金剛力士像	こんごうりきしぞう
ruby_dict_merge	金剛峯寺	こんごうぶじ
ruby_dict_merge	金剛峰寺	こんごうぶじ
ruby_dict_merge	金剛経	こんごうきょう
ruby_dict_merge	金剛般若	こんごうはんにゃ
ruby_dict_merge	金剛般若波羅蜜経	こんごうはんにゃはらみつきょう
ruby_dict_merge	金地院崇伝	こんちいんすうでん
ruby_dict_merge	金子兜太	かねことうた
ruby_dict_merge	金平物	きんぴらもの
ruby_dict_merge	金日成	キムイルソン
ruby_dict_merge	金春禅竹	こんぱるぜんちく
ruby_dict_merge	金木研	かねきけん
ruby_dict_merge	金椀	かなわん
ruby_dict_merge	金槐集	きんかいしゅう
ruby_dict_merge	金正恩	キムジョンウン
ruby_dict_merge	金正日	キムジョンイル
ruby_dict_merge	金正男	キムジョンナム
ruby_dict_merge	金沢	かねさわ
ruby_dict_merge	金泳三	キムヨンサム
ruby_dict_merge	金洗	かねあらい
ruby_dict_merge	金瓶梅	きんぺいばい
ruby_dict_merge	金立群	きんりつぐん
ruby_dict_merge	金葉	きんえふ
ruby_dict_merge	金葉集	きんようしゅう
ruby_dict_merge	金蛙王	きんあおう
ruby_dict_merge	金賢姫	キムヒョンヒ
ruby_dict_merge	金輪	こんりん
ruby_dict_merge	釘崎野薔薇	くぎさきのばら
ruby_dict_merge	針谷佳穂	はりやかほ
ruby_dict_merge	鈴木善幸	すずきぜんこう
ruby_dict_merge	鈴木大拙	すずきだいせつ
ruby_dict_merge	鈴木孝夫	すずきたかお
ruby_dict_merge	鈴木安蔵	すずきやすぞう
ruby_dict_merge	鈴木春信	すずきはるのぶ
ruby_dict_merge	鈴木次郎吉	すずきじろきち
ruby_dict_merge	鈴木美玲	すずきみれい
ruby_dict_merge	鈴木花蓑	すずきはなみの
ruby_dict_merge	鈴木鷹夫	すずきたかお
ruby_dict_merge	鉄地河原鉄珍	てっちかわはらてっちん
ruby_dict_merge	鉄工	てつこう
ruby_dict_merge	鉄肌	かなはだ
ruby_dict_merge	鉈彫	なたぼり
ruby_dict_merge	鉤鼻	かぎばな
ruby_dict_merge	銀河系	ぎんがけい
ruby_dict_merge	銀鼠	ぎんねずみ
ruby_dict_merge	銅鉾	どうほこ
ruby_dict_merge	鋩子	ばうし
ruby_dict_merge	鋳掛屋	いかけや
ruby_dict_merge	鍛冶	かじ
ruby_dict_merge	鍛冶	かぢ
ruby_dict_merge	鍬形	くはがた
ruby_dict_merge	鍾乳洞	しょうにゅうどう
ruby_dict_merge	鍾山	しょうざん
ruby_dict_merge	鏗爾	こうじ
ruby_dict_merge	鐫刻	せんこく
ruby_dict_merge	長五百秋	ながいほあき
ruby_dict_merge	長人	ちょうじん
ruby_dict_merge	長宗我部元親	ちょうそかべもとちか
ruby_dict_merge	長宗我部盛親	ちょうそかべもりちか
ruby_dict_merge	長嶋茂雄	ながしましげお
ruby_dict_merge	長意吉麻呂	ながのおきまろ
ruby_dict_merge	長束正家	なつかまさいえ
ruby_dict_merge	長椅子	ながいす
ruby_dict_merge	長槍	ながやり
ruby_dict_merge	長江	ちょうこう
ruby_dict_merge	長瀬梨子	ながせりこ
ruby_dict_merge	長田	ながた
ruby_dict_merge	長秋詠藻	ちょうしゅうえいそう
ruby_dict_merge	長講堂	ちょうこうどう
ruby_dict_merge	長谷川千里	はせがわちさと
ruby_dict_merge	長谷川双魚	はせがわそうぎょ
ruby_dict_merge	長谷川等伯	はせがわとうはく
ruby_dict_merge	長逸	ながゆき
ruby_dict_merge	長門国	ながとのくに
ruby_dict_merge	長鳴鳥	ながなきどり
ruby_dict_merge	門弟子	もんていし
ruby_dict_merge	開封	かいほう
ruby_dict_merge	開眼	かいげん
ruby_dict_merge	開音節	かいおんせつ
ruby_dict_merge	開顕	かいけん
ruby_dict_merge	間人	もうと
ruby_dict_merge	間宮林蔵	まみやりんぞう
ruby_dict_merge	間島	かんとう
ruby_dict_merge	間氷期	かんぴょうき
ruby_dict_merge	間髪	かんはつ
ruby_dict_merge	閔妃	ミンビ
ruby_dict_merge	閔子騫	びんしけん
ruby_dict_merge	関孝和	せきたかかず
ruby_dict_merge	関川夏央	せきかわなつお
ruby_dict_merge	関関	かんかん
ruby_dict_merge	閻錫山	えんしゃくざん
ruby_dict_merge	闇夜	やみよ
ruby_dict_merge	闕官	けつくわん
ruby_dict_merge	阜城	ふじょう
ruby_dict_merge	阪下圭八	さかしたけいはち
ruby_dict_merge	防空壕	ぼうくうごう
ruby_dict_merge	阿保	アボ
ruby_dict_merge	阿保親王	あぼしんのう
ruby_dict_merge	阿修羅	あしゆら
ruby_dict_merge	阿倍仲麻呂	あべのなかまろ
ruby_dict_merge	阿具	あぐ
ruby_dict_merge	阿原半兵衛	あばらはんべえ
ruby_dict_merge	阿呆	あほ
ruby_dict_merge	阿弥陀堂	あみだどう
ruby_dict_merge	阿波国	あわのくに
ruby_dict_merge	阿波野青畝	あわのせいほ
ruby_dict_merge	阿羅漢果	あらかんか
ruby_dict_merge	阿耨多羅三藐三菩提	あのくたらさんみゃくさんぼだい
ruby_dict_merge	阿耨多羅三藐三菩提	あのくたらさんみやくさんぼだい
ruby_dict_merge	阿那含	あなごん
ruby_dict_merge	阿部芳郎	あべよしろう
ruby_dict_merge	阿骨打	アクダ
ruby_dict_merge	阿鼻叫喚	あびきょうかん
ruby_dict_merge	陀仏	だぶつ
ruby_dict_merge	陀羅尼経	だらにきょう
ruby_dict_merge	降伏	ごうぶく
ruby_dict_merge	降誕	ごうたん
ruby_dict_merge	降誕会	ごうたんえ
ruby_dict_merge	降誕祭	こうたんさい
ruby_dict_merge	院宣	ゐんぜん
ruby_dict_merge	陣夫	じんぷ
ruby_dict_merge	除村吉太郎	よけむらよしたろう
ruby_dict_merge	陪膳	ばいぜん
ruby_dict_merge	陰陽	おんみやう
ruby_dict_merge	陰陽師	おんようじ
ruby_dict_merge	陰陽道	おんみょうどう
ruby_dict_merge	陳和卿	ちんわけい
ruby_dict_merge	陳玉成	ちんぎょくせい
ruby_dict_merge	陶晴賢	すえはるかた
ruby_dict_merge	陶淵明	とうえんめい
ruby_dict_merge	陸奥	むつ
ruby_dict_merge	陸奥国	みちのくに
ruby_dict_merge	陸奥歌	みちのくうた
ruby_dict_merge	陸奥話記	むつわき
ruby_dict_merge	陸秀夫	りくしゅうふ
ruby_dict_merge	陸羯南	くがかつなん
ruby_dict_merge	隅田	すだ
ruby_dict_merge	隈川	くまがわ
ruby_dict_merge	随兵	ずいびやう
ruby_dict_merge	随煩悩	ずいぼんのう
ruby_dict_merge	隔靴搔痒	かっかそうよう
ruby_dict_merge	隙間風	すきまかぜ
ruby_dict_merge	障子目蔵	しょうじめぞう
ruby_dict_merge	障屛画	しょうへいが
ruby_dict_merge	障礙	しょうげ
ruby_dict_merge	隠処	こもりど
ruby_dict_merge	隠売女	かくしばいじょ
ruby_dict_merge	隠岐国	おきのくに
ruby_dict_merge	隠岐島	おきのしま
ruby_dict_merge	隠所	かくしどころ
ruby_dict_merge	隼人	はやひと
ruby_dict_merge	隼人舞	はやとまい
ruby_dict_merge	雁皮紙	がんぴし
ruby_dict_merge	雄剣	ゆうけん
ruby_dict_merge	雄幸	おさち
ruby_dict_merge	雉子	きじ
ruby_dict_merge	雍也	ようや
ruby_dict_merge	雎鳩	しょきゅう
ruby_dict_merge	雑事	ぞうじ
ruby_dict_merge	雑人	ざふにん
ruby_dict_merge	雑役	ぞうやく
ruby_dict_merge	雑役夫	ざつえきふ
ruby_dict_merge	雑物	ぞうもつ
ruby_dict_merge	雑色	ざつしき
ruby_dict_merge	雑色	ざふしき
ruby_dict_merge	雑色	ぞうしき
ruby_dict_merge	雑言	ぞうごん
ruby_dict_merge	雑賀頼子	そうがよりこ
ruby_dict_merge	雛森桃	ひなもりもも
ruby_dict_merge	難後拾遺	なんごしゅうい
ruby_dict_merge	難所	なんじよ
ruby_dict_merge	難波	なには
ruby_dict_merge	難波	なにわ
ruby_dict_merge	難波宮	なにわのみや
ruby_dict_merge	雨声会	うせいかい
ruby_dict_merge	雨安居	うあんご
ruby_dict_merge	雨花台	うかだい
ruby_dict_merge	雪村	せっそん
ruby_dict_merge	雪駄	せつた
ruby_dict_merge	雲中	うんちゅう
ruby_dict_merge	雲井	くもゐ
ruby_dict_merge	雲仙普賢岳	うんぜんふげんだけ
ruby_dict_merge	雲居	くもゐ
ruby_dict_merge	雲霞	くもかすみ
ruby_dict_merge	震慄	しんりつ
ruby_dict_merge	震旦	しんだん
ruby_dict_merge	霊彩	れいさい
ruby_dict_merge	霊長類	れいちょうるい
ruby_dict_merge	霜黒葛	しもつづら
ruby_dict_merge	霧嶋絢都	きりしまあやと
ruby_dict_merge	霧嶋董香	きりしまとうか
ruby_dict_merge	露路	ろウじ
ruby_dict_merge	青丹	あをに
ruby_dict_merge	青垣	あをかき
ruby_dict_merge	青山	あをやま
ruby_dict_merge	青山優雅	あおやまゆうが
ruby_dict_merge	青木奈緒	あおきなお
ruby_dict_merge	青草	あをくさ
ruby_dict_merge	青蓮教	せいれんきょう
ruby_dict_merge	青蓮院	しょうれんいん
ruby_dict_merge	青表紙	あおびょうし
ruby_dict_merge	青表紙本	あおびょうしぼん
ruby_dict_merge	青頸	あおくび
ruby_dict_merge	非道	ひだう
ruby_dict_merge	面従腹背	めんじゅうふくはい
ruby_dict_merge	鞍作鳥	くらつくりのとり
ruby_dict_merge	鞍部	くらつくりべ
ruby_dict_merge	鞍馬	くらま
ruby_dict_merge	鞭鐙	むちあぶみ
ruby_dict_merge	韋提希夫人	いだいけぶにん
ruby_dict_merge	韋昌輝	いしょうき
ruby_dict_merge	韓侂冑	かんたくちゅう
ruby_dict_merge	韓鍛冶	からかぬち
ruby_dict_merge	韜光養晦	とうこうようかい
ruby_dict_merge	音声	おんじょう
ruby_dict_merge	音沙汰	おとさた
ruby_dict_merge	音韻論	おんいんろん
ruby_dict_merge	頂相	ちんぞう
ruby_dict_merge	須佐之男命	すさのおのみこと
ruby_dict_merge	須弥山	しゅみせん
ruby_dict_merge	須恵器	すえき
ruby_dict_merge	須菩提	すぼだい
ruby_dict_merge	須陀	すだ
ruby_dict_merge	須陀洹	しゅだおん
ruby_dict_merge	須陀洹	すだおん
ruby_dict_merge	預所	あずかりどころ
ruby_dict_merge	預流	よる
ruby_dict_merge	預言者	よげんしゃ
ruby_dict_merge	頗梨	はり
ruby_dict_merge	頚筋	くびすじ
ruby_dict_merge	頭中将	とうのちゅうじょう
ruby_dict_merge	頭右	かしらみぎ
ruby_dict_merge	頭椎	くぶつつ
ruby_dict_merge	頭蓋骨	ずがいこつ
ruby_dict_merge	頭高	かしらだか
ruby_dict_merge	頼山陽	らいさんよう
ruby_dict_merge	頼方	よりかた
ruby_dict_merge	頼母子講	たのもしこう
ruby_dict_merge	額田	ぬかだ
ruby_dict_merge	額田王	ぬかたのおおきみ
ruby_dict_merge	顔師古	がんしこ
ruby_dict_merge	顔色	がんしょく
ruby_dict_merge	顕宗	ヒョンジョン
ruby_dict_merge	顕輔	あきすけ
ruby_dict_merge	願成就院	がんじょうじゅいん
ruby_dict_merge	顚倒	てんどう
ruby_dict_merge	類稀	たぐいまれ
ruby_dict_merge	類聚歌林	るいじゅうかりん
ruby_dict_merge	類苑	るいえん
ruby_dict_merge	顧炎武	こえんぶ
ruby_dict_merge	風丰	ふうぼう
ruby_dict_merge	風体	ふうてい
ruby_dict_merge	風刺的	ふうしてき
ruby_dict_merge	風土記	ふどき
ruby_dict_merge	風姿花伝	ふうしかでん
ruby_dict_merge	風烈	ふうれつ
ruby_dict_merge	風神雷神図	ふうじんらいじんず
ruby_dict_merge	風雅集	ふうがしゅう
ruby_dict_merge	風雲	かぜくも
ruby_dict_merge	飛行機	ひこうき
ruby_dict_merge	飛鳥井家	あすかいけ
ruby_dict_merge	飛鳥寺	あすかでら
ruby_dict_merge	飛鳥川	あすかがは
ruby_dict_merge	食時	じきじ
ruby_dict_merge	食物	くひもの
ruby_dict_merge	食物連鎖	しょくもつれんさ
ruby_dict_merge	飯尾連龍	いのおつらたつ
ruby_dict_merge	飯田蛇笏	いいだだこつ
ruby_dict_merge	飯盛挺造	いいもりていぞう
ruby_dict_merge	飴細工	あめざいく
ruby_dict_merge	飴色	あめいろ
ruby_dict_merge	餓鬼草紙	がきぞうし
ruby_dict_merge	餓鬼道	がきどう
ruby_dict_merge	饒舌	じょうぜつ
ruby_dict_merge	饗庭篁村	あえばこうそん
ruby_dict_merge	首尾	しゆび
ruby_dict_merge	香具山	かぐやま
ruby_dict_merge	香水瓶	こうすいびん
ruby_dict_merge	香西照雄	こうざいてるお
ruby_dict_merge	香餌	こうじ
ruby_dict_merge	馬場信春	ばばのぶはる
ruby_dict_merge	馬場先門	ばばさきもん
ruby_dict_merge	馬渕睦夫	まぶちむつお
ruby_dict_merge	馬糞	まぐそ
ruby_dict_merge	馬頭	めず
ruby_dict_merge	馬鹿力	ばかぢから
ruby_dict_merge	馮雲山	ふううんざん
ruby_dict_merge	馳使	はせづかい
ruby_dict_merge	馳使	はせづかひ
ruby_dict_merge	馳騁	ちへい
ruby_dict_merge	駒下駄	こまげた
ruby_dict_merge	駒引	こまひき
ruby_dict_merge	駒形由美	こまがたゆみ
ruby_dict_merge	駱秉章	らくへいしょう
ruby_dict_merge	駿河屋	するがや
ruby_dict_merge	駿馬	しゅんめ
ruby_dict_merge	騎士道	きしどう
ruby_dict_merge	騒動	さうどう
ruby_dict_merge	験者	げんざ
ruby_dict_merge	験者	げんじや
ruby_dict_merge	骨角器	こっかくき
ruby_dict_merge	骰子	さい
ruby_dict_merge	高千穂峰	たかちほのみね
ruby_dict_merge	高唐州	こうとうしゅう
ruby_dict_merge	高坂麗奈	こうさかれいな
ruby_dict_merge	高城	たかき
ruby_dict_merge	高声	かうしやう
ruby_dict_merge	高天	たかま
ruby_dict_merge	高天原	たかまのはら
ruby_dict_merge	高山正之	たかやままさゆき
ruby_dict_merge	高峰	こうほう
ruby_dict_merge	高島俊男	たかしまとしお
ruby_dict_merge	高嶺	たかみね
ruby_dict_merge	高市	たけち
ruby_dict_merge	高市皇子	たけちのみこ
ruby_dict_merge	高市黒人	たけちのくろひと
ruby_dict_merge	高師	たかし
ruby_dict_merge	高志	こし
ruby_dict_merge	高木惣吉	たかぎそうきち
ruby_dict_merge	高木晴子	たかぎはるこ
ruby_dict_merge	高杉晋作	たかすぎしんさく
ruby_dict_merge	高槻泉	たかつきせん
ruby_dict_merge	高橋沙里	たかはしさり
ruby_dict_merge	高橋虫麻呂	たかはしのむしまろ
ruby_dict_merge	高津春繁	こうづはるしげ
ruby_dict_merge	高浜虚子	たかはまきょし
ruby_dict_merge	高瀬舟	たかせぶね
ruby_dict_merge	高祖頭巾	こそずきん
ruby_dict_merge	高粱	こうりょう
ruby_dict_merge	高貴	かうき
ruby_dict_merge	高足駄	たかあしだ
ruby_dict_merge	高遠	たかとお
ruby_dict_merge	高野	こうや
ruby_dict_merge	高野久恵	たかのひさえ
ruby_dict_merge	高野切	こうやぎれ
ruby_dict_merge	高野山	こうやさん
ruby_dict_merge	高野版	こうやばん
ruby_dict_merge	高野素十	たかのすじゅう
ruby_dict_merge	高野聖	こうやひじり
ruby_dict_merge	高野長英	たかのちょうえい
ruby_dict_merge	高量	たかかず
ruby_dict_merge	高陽院	かやのいん
ruby_dict_merge	高雄	たかを
ruby_dict_merge	高青邱	こうせいきゅう
ruby_dict_merge	高麗	こうらい
ruby_dict_merge	鬚面	ひげづら
ruby_dict_merge	鬱金木綿	うこんもめん
ruby_dict_merge	鬼子母神	きしもじん
ruby_dict_merge	鬼怒川	きぬがわ
ruby_dict_merge	鬼神	きじん
ruby_dict_merge	鬼舞辻無惨	きぶつじむざん
ruby_dict_merge	魏志倭人伝	ぎしわじんでん
ruby_dict_merge	魏忠賢	ぎちゅうけん
ruby_dict_merge	魔睡	ますい
ruby_dict_merge	魔術師	まじゅつし
ruby_dict_merge	魔風恋風	まかぜこいかぜ
ruby_dict_merge	魚人空手	ぎょじんからて
ruby_dict_merge	魚介類	ぎょかいるい
ruby_dict_merge	魚玄機	ぎょげんき
ruby_dict_merge	鮑超	ほうちょう
ruby_dict_merge	鮫小紋	さめこもん
ruby_dict_merge	鰭脚類	ききゃくるい
ruby_dict_merge	鰹縞	かつおじま
ruby_dict_merge	鳥居元忠	とりいもとただ
ruby_dict_merge	鳥居強右衛門	とりいすねえもん
ruby_dict_merge	鳥居忠吉	とりいただよし
ruby_dict_merge	鳥獣戯画	ちょうじゅうぎが
ruby_dict_merge	鳥羽僧正	とばそうじょう
ruby_dict_merge	鳩山一郎	はとやまいちろう
ruby_dict_merge	鳩山由紀夫	はとやまゆきお
ruby_dict_merge	鳳凰堂	ほうおうどう
ruby_dict_merge	鳴滝塾	なるたきじゅく
ruby_dict_merge	鳶色	とびいろ
ruby_dict_merge	鴉鷺	あろ
ruby_dict_merge	鴗鳥	そにどり
ruby_dict_merge	鴨下信一	かもしたしんいち
ruby_dict_merge	鴨緑江	おうりょっこう
ruby_dict_merge	鴨長明	かものちょうめい
ruby_dict_merge	鵜殿長照	うどのながてる
ruby_dict_merge	鵜飼	うがい
ruby_dict_merge	鶏合	とりあはせ
ruby_dict_merge	鶴女房	つるにょうぼう
ruby_dict_merge	鶴屋南北	つるやなんぼく
ruby_dict_merge	鶴岡八幡宮	つるがおかはちまんぐう
ruby_dict_merge	鷹司冬教	たかつかさふゆのり
ruby_dict_merge	鷹羽	たかのは
ruby_dict_merge	鷹見啓悟	たかみけいご
ruby_dict_merge	鷺沢萠	さぎさわめぐむ
ruby_dict_merge	鹿児島県	かごしまけん
ruby_dict_merge	鹿子木孟郎	かのこぎたけしろう
ruby_dict_merge	麻生太郎	あそうたろう
ruby_dict_merge	麻里	まり
ruby_dict_merge	黄不動	きふどう
ruby_dict_merge	黄前久美子	おうまえくみこ
ruby_dict_merge	黄前明子	おうまえあきこ
ruby_dict_merge	黄前麻美子	おうまえまみこ
ruby_dict_merge	黄呈忠	こうていちゅう
ruby_dict_merge	黄土色	おうどいろ
ruby_dict_merge	黄泉	よみ
ruby_dict_merge	黄泉国	よみのくに
ruby_dict_merge	黄泉戸喫	よもつへぐい
ruby_dict_merge	黄浦江	こうほこう
ruby_dict_merge	黄表紙	きびょうし
ruby_dict_merge	黄道	こうどう
ruby_dict_merge	黄金	こがね
ruby_dict_merge	黄金色	こがねいろ
ruby_dict_merge	黍稷	しょしょく
ruby_dict_merge	黎朝	レちょう
ruby_dict_merge	黒岩涙香	くろいわるいこう
ruby_dict_merge	黒手組	くろてぐみ
ruby_dict_merge	黒木玄斎	くろきげんさい
ruby_dict_merge	黒本	くろもと
ruby_dict_merge	黒江真由	くろえまゆ
ruby_dict_merge	黒澤明	くろさわあきら
ruby_dict_merge	黒田清輝	くろだせいき
ruby_dict_merge	黒田清隆	くろだきよたか
ruby_dict_merge	黒田長政	くろだながまさ
ruby_dict_merge	黒留袖	くろとめそで
ruby_dict_merge	黒目勝	くろめがち
ruby_dict_merge	黒磐武臣	くろいわたけおみ
ruby_dict_merge	鼓打	つづみうち
ruby_dict_merge	鼠坂	ねずみざか
ruby_dict_merge	龍池	りゅうち
ruby_dict_merge	𣑥衾	たくぶすま
ruby_whole	base	reading
ruby_whole	阿笠博士	あがさひろし
ruby_whole	虚閃	セロ
ruby_whole	勇音	いさね
ruby_whole	喰種	グール
ruby_whole	之芭	のば
ruby_whole	三魔眼	サードアイ
ruby_whole	白鳥沢	しらとりざわ
ruby_whole	記録指針	ログポース
ruby_whole	我妻由乃	がさいゆの
ruby_whole	我愛羅	ガアラ
ruby_whole	蒼紫	あおし
ruby_whole	志々雄	ししお
ruby_whole	世界会議	レヴェリー
ruby_whole	夏油	げとう
ruby_whole	間桐	まとう
ruby_whole	六月	むつき
ruby_whole	十八番	オハコ
ruby_whole	九蛇	クジャ
ruby_whole	指銃	しがん
ruby_whole	紫音	しおん
ruby_whole	甚爾	とうじ
ruby_whole	夜久衛輔	やくもりすけ
ruby_whole	志々雄真実	ししおまこと
ruby_whole	火前坊	かぜんぼう
ruby_whole	牙突	がとつ
ruby_whole	般田	はんだ
ruby_whole	三輪	みわ
ruby_whole	二重	ふたえ
ruby_whole	七崩賢	しちほうけん
ruby_whole	七海建人	ななみけんと
ruby_whole	八輝将	はっきしょう
ruby_whole	12th	トゥエルフス
ruby_whole	聖文字	シュリフト
ruby_whole	育手	そだて
ruby_whole	血塗	けちず
ruby_whole	間桐桜	まとうさくら
ruby_whole	二牙	フーガ
ruby_whole	心美	ここみ
ruby_whole	羽赫	うかく
ruby_whole	土茶	とさ
ruby_whole	壊相	えそう
ruby_whole	恵利美	えりみ
ruby_whole	権八郎	ごんぱちろう
ruby_whole	炎舞	えんぶ
ruby_whole	空喜	うろぎ
ruby_whole	駆藤	くどう
ruby_whole	九頭	くず
ruby_whole	五月	さつき
ruby_whole	八巻	やまき
ruby_whole	尾赫	びかく
ruby_whole	平良伊江	たいらよしえ
ruby_whole	戦姫	せんき
ruby_whole	数字持ち	ヌメロス
ruby_whole	真火	しんか
ruby_whole	聖哭螳蜋	サンタテレサ
ruby_whole	蕾実	つぼみ
ruby_whole	3rd	サード
ruby_whole	5th	フィフス
ruby_whole	Ms.	ミズ
ruby_whole	三度	みたび
ruby_whole	九相図	くそうず
ruby_whole	五芒星	アビス
ruby_whole	四月	よつき
ruby_whole	女川太郎	おながわたろう
ruby_whole	御業	みわざ
ruby_whole	憂那	うきな
ruby_whole	氷河時代	アイスエイジ
ruby_whole	炎虎	えんこ
ruby_whole	甲斐玄人	かいくろと
ruby_whole	留海	るみ
ruby_whole	鉄漿蜻蛉	はぐろとんぼ
ruby_whole	鍛人	かぬち
ruby_whole	馬骨	ばこつ
ruby_whole	髑髏大帝	アロガンテ
ruby_whole	一兵卒	いっぺいそつ
ruby_whole	一翔	かずと
ruby_whole	三春駒	みはるごま
ruby_whole	三月	みつき
ruby_whole	三葉	みつば
ruby_whole	下奴	かど
ruby_whole	不義遊戯	ブギウギ
ruby_whole	二人羽織	ににんばおり
ruby_whole	伏魔御廚子	ふくまみづし
ruby_whole	会合衆	えごうしゅう
ruby_whole	但馬牛	たじまぎゅう
ruby_whole	全州	チョンジュ
ruby_whole	再不斬	ザブザ
ruby_whole	准三后	じゅさんごう
ruby_whole	千鹿谷	ちがや
ruby_whole	変若水	おちみず
ruby_whole	大人気	おとなげ
ruby_whole	実山椒	みざんしょう
ruby_whole	家妻	かさい
ruby_whole	小商人	こあきんど
ruby_whole	小拍子	こびょうし
ruby_whole	希華	まれか
ruby_whole	御人	ごじん
ruby_whole	御廚子	みづし
ruby_whole	御祖	みおや
ruby_whole	御霊	みたま
ruby_whole	戦乙女	ヴァルキリー
ruby_whole	打根	うちね
ruby_whole	拌三絲	ばんさんすー
ruby_whole	斉衰	しさい
ruby_whole	日間賀島	ひまかじま
ruby_whole	晴華	はるか
ruby_whole	有難山	ありがたやま
ruby_whole	東治	とうじ
ruby_whole	毒竜	ヒドラ
ruby_whole	水餃子	すいぎょうざ
ruby_whole	海底落下	ブルーホール
ruby_whole	無問題	モウマンタイ
ruby_whole	王仁	わに
ruby_whole	直刃	すぐは
ruby_whole	石竜子	トカゲ
ruby_whole	砂土原	さどはら
ruby_whole	緊急発進	スクランブル
ruby_whole	臥王鵡角	がおうむかく
ruby_whole	蒼月草	そうげつそう
ruby_whole	蓬壷	ほうこ
ruby_whole	言祝	ことほ
ruby_whole	辰鼓楼	しんころう
ruby_whole	鬼滅	きめつ
ruby_trim	base	reading	cut
ruby_trim	四楓	しほう	0
ruby_trim	太不佐支	タフサギ	0
ruby_trim	西田優柾	ゆうせい	2
ruby_trim	石川伯耆守	ほうきのかみ	2
ruby_trim	１０８	ヒトマルハチ	0
ruby_trim	豆状	とうじょう	0
ruby_trim	反応速	はえ	2
ruby_trim	復帰早	はえ	2
ruby_trim	鉄哲徹鐵	てつてつ	2
ruby_trim	尾白猿夫	ましらお	2
ruby_trim	瀬呂範太	はんた	2
ruby_trim	泡瀬洋雪	ようせつ	2
ruby_trim	香薫	かくん	0
ruby_trim	藻周	もす	0
ruby_trim	円乗寺辰房	たつふさ	3
ruby_trim	竹添幸吉郎	こうきちろう	2
ruby_trim	夜伏	やふく	0
ruby_trim	藤堂為左衛門	いざえもん	2
ruby_trim	三百間	けん	2
ruby_trim	警戒強度	カテゴリー	0
ruby_trim	鎧食	よろいぐ	0
ruby_trim	軀司操血	くじそうけつ	0
ruby_trim	蝦蟇口縛	ガマぐちしば	0
ruby_trim	暴海月	あばれくらげ	0
ruby_trim	大筒木化	おおつつきか	0
ruby_trim	腕刀斬	わんとうぎ	0
ruby_trim	塔中華島	とうちゅうかとう	0
ruby_trim	最強種自然系	ロギアけい	3
ruby_trim	世経	せけい	0
ruby_trim	大脱走開始	スタート	3
ruby_trim	柄悪	わり	1
ruby_trim	比良坂零輝	れいき	3
ruby_trim	堤無津	ていむず	0
ruby_trim	処分	ころ	0
ruby_trim	躯倶留	くくる	0
ruby_trim	日車寛見	ひろみ	2
ruby_trim	梨門邸	なしもて	0
ruby_trim	有楽亭菊比古	きくひこ	3
ruby_trim	之定	のさだ	0
ruby_trim	彼女	ヨメ	0
ruby_trim	美我子	みわこ	0
ruby_trim	呉恵利央	くれえりお	0
ruby_trim	梨鶴奈	りずな	0
ruby_trim	普良巢	ふらす	0
ruby_trim	遣手婆	ばばあ	2
gloss_ruby	base	reading
gloss_ruby	一	いつ
gloss_ruby	一円融合	いちえんゆうごう
gloss_ruby	一向心	ひたぶるこころ
gloss_ruby	一天	いってん
gloss_ruby	一己	いっこ
gloss_ruby	一簞	いったん
gloss_ruby	一視同仁	いっしどうじん
gloss_ruby	丁	よぼろ
gloss_ruby	七生報国	しちしょうほうこく
gloss_ruby	万	よろず
gloss_ruby	万世一系	ばんせいいっけい
gloss_ruby	万世不易	ばんせいふえき
gloss_ruby	万古不易	ばんこふえき
gloss_ruby	万善	まんぜん
gloss_ruby	万朶	まんだ
gloss_ruby	万邦	ばんぽう
gloss_ruby	丈	じょう
gloss_ruby	三上喜孝	みかみよしたか
gloss_ruby	三勾	みわ
gloss_ruby	三昧耶	サマヤ
gloss_ruby	三枝充悳	さいぐさみつよし
gloss_ruby	三浦國雄	みうら・くにお
gloss_ruby	三種	さんしゅ
gloss_ruby	三韓	さんかん
gloss_ruby	上	かみ
gloss_ruby	上下	しょうか
gloss_ruby	上天	じょうてん
gloss_ruby	下	しも
gloss_ruby	下野	しもつけ
gloss_ruby	不二	ふじ
gloss_ruby	不忠	ふちゅう
gloss_ruby	不還	ふげん
gloss_ruby	与	とも
gloss_ruby	且	かつ
gloss_ruby	丕基	ひき
gloss_ruby	世々	よよ
gloss_ruby	世人	せじん
gloss_ruby	世務	せいむ
gloss_ruby	中	なか
gloss_ruby	中世	ちゅうせい
gloss_ruby	中今	なかいま
gloss_ruby	中務哲郎	ナカツカサテツオ
gloss_ruby	中国	ちゅうごく
gloss_ruby	中大兄皇子	なかのおおえのおうじ
gloss_ruby	中島国彦	ナカジマクニヒコ
gloss_ruby	中朝事実	ちゅうちょうじじつ
gloss_ruby	中村元	なかむら・はじめ
gloss_ruby	中村光夫	ナカムラミツオ
gloss_ruby	中村善也	ナカムラゼンヤ
gloss_ruby	中条省平	ちゅうじょう・しょうへい
gloss_ruby	中澤信幸	なかざわ・のぶゆき
gloss_ruby	中臣祓	なかとみのはらえ
gloss_ruby	中臣鎌足	なかとみのかまたり
gloss_ruby	丸山真男	マルヤマ・マサオ
gloss_ruby	丹	あか
gloss_ruby	丹	に
gloss_ruby	主上	しゅじょう
gloss_ruby	之	これ
gloss_ruby	乾霊	けんれい
gloss_ruby	争	いかで
gloss_ruby	事	こと
gloss_ruby	事	つかえ
gloss_ruby	事無酒	ことなぐし
gloss_ruby	二十一代集	にじゅういちだいしゅう
gloss_ruby	二宮尊徳	にのみやそんとく
gloss_ruby	二心	ふたごころ
gloss_ruby	五十鈴川	いすずがわ
gloss_ruby	五瀬命	イツセノミコト
gloss_ruby	五穀	ごこく
gloss_ruby	井上寛司	いのうえひろし
gloss_ruby	井波律子	イナミ・リツコ
gloss_ruby	交	まじわり
gloss_ruby	交通	こうつう
gloss_ruby	亦	また
gloss_ruby	亭	ちん
gloss_ruby	人	ひと
gloss_ruby	人君	じんくん
gloss_ruby	人間	じんかん
gloss_ruby	仁徳	にんとく
gloss_ruby	仁德天皇	にんとくてんのう
gloss_ruby	仁恕	じんじょ
gloss_ruby	今	いま
gloss_ruby	今井清一	イマイ・セイイチ
gloss_ruby	今様	いまよう
gloss_ruby	今野真二	コンノ・シンジ
gloss_ruby	仏蘭西	フランス
gloss_ruby	仕	つか
gloss_ruby	令	りょう
gloss_ruby	以	もっ
gloss_ruby	仰	おおせ
gloss_ruby	仲哀	ちゅうあい
gloss_ruby	仲哀天皇	ちゅうあいてんのう
gloss_ruby	伊勢	いせ
gloss_ruby	伊邪那岐	イザナギ
gloss_ruby	伊邪那美	イザナミ
gloss_ruby	会沢正志斎	あいざわせいしさい
gloss_ruby	位	くらい
gloss_ruby	佐々木由香	ささき・ゆか
gloss_ruby	佐野真一郎	さの・しんいちろう
gloss_ruby	体	たい
gloss_ruby	体言	たいげん
gloss_ruby	何	いず
gloss_ruby	何事	なにごと
gloss_ruby	佗	わ
gloss_ruby	佛敎	ぶっきょう
gloss_ruby	併	しか
gloss_ruby	使	つかい
gloss_ruby	使嗾	しそう
gloss_ruby	使役	しえき
gloss_ruby	侍	さむら
gloss_ruby	供御	くご
gloss_ruby	依網	よさみ
gloss_ruby	便	すなわ
gloss_ruby	便利	べんり
gloss_ruby	俗	ぞく
gloss_ruby	保食	うけもち
gloss_ruby	俤	おもかげ
gloss_ruby	候文	そうろうぶん
gloss_ruby	倚藉	いしゃ
gloss_ruby	倣	なら
gloss_ruby	倭	やまと
gloss_ruby	倭	ヤマト
gloss_ruby	偏心	ひとえごころ
gloss_ruby	偕	とも
gloss_ruby	偲	しの
gloss_ruby	側柏	このてがしは
gloss_ruby	備後	びんご
gloss_ruby	僧	そう
gloss_ruby	僧伽	サンガ
gloss_ruby	元	はじめ
gloss_ruby	元元集	げんげんしゅう
gloss_ruby	元年	がんねん
gloss_ruby	元明	げんみょう
gloss_ruby	兄	いろせ
gloss_ruby	兆民	ちょうみん
gloss_ruby	先	せん
gloss_ruby	光仁	こうにん
gloss_ruby	光仁天皇	こうにんてんのう
gloss_ruby	光明	こうみょう
gloss_ruby	光明皇后	こうみょうこうごう
gloss_ruby	光華	ひかり
gloss_ruby	光被	こうひ
gloss_ruby	克	よ
gloss_ruby	免	めん
gloss_ruby	党	たむら
gloss_ruby	入鹿	いるか
gloss_ruby	全	ぜん
gloss_ruby	兩國	りょうこく
gloss_ruby	八咫鏡	やたのかがみ
gloss_ruby	八坂瓊曲玉	やさかにのまがたま
gloss_ruby	八州	はっしゅう
gloss_ruby	八幡宮	はちまんぐう
gloss_ruby	八百会	やおあい
gloss_ruby	八神	はっしん
gloss_ruby	八重雲	やえぐも
gloss_ruby	公	おおやけ
gloss_ruby	公事根源	くじこんげん
gloss_ruby	公卿	くぎょう
gloss_ruby	公役	くやく
gloss_ruby	六合	りくごう
gloss_ruby	六国史	りっこくし
gloss_ruby	其	そ
gloss_ruby	其	その
gloss_ruby	内宮	ないくう
gloss_ruby	内裏雛	だいりびな
gloss_ruby	再	ふたた
gloss_ruby	再	ふたたび
gloss_ruby	冥加	みょうが
gloss_ruby	冥助	めいじょ
gloss_ruby	凡	およ
gloss_ruby	凡百	ぼんひゃく
gloss_ruby	凱旋	がいせん
gloss_ruby	出	いだ
gloss_ruby	出世	しゅっせ
gloss_ruby	出雲	いづも
gloss_ruby	分	ぶん
gloss_ruby	列聖	れっせい
gloss_ruby	初土	はつに
gloss_ruby	初穂	はつほ
gloss_ruby	別	べつ
gloss_ruby	利	くぼさ
gloss_ruby	制	のり
gloss_ruby	前妻	こなみ
gloss_ruby	創	はじ
gloss_ruby	劔	つるぎ
gloss_ruby	力	ちから
gloss_ruby	助	たすけ
gloss_ruby	労	いたつ
gloss_ruby	勅	みことのり
gloss_ruby	勅撰	ちょくせん
gloss_ruby	勅版	ちょくはん
gloss_ruby	動	やや
gloss_ruby	勢	いきおい
gloss_ruby	化	か
gloss_ruby	化育	かいく
gloss_ruby	北川桃雄	キタガワ・モモオ
gloss_ruby	北畠親房	きたばたけちかふさ
gloss_ruby	千五百秋	ちいほあき
gloss_ruby	千木	ちぎ
gloss_ruby	千秋	せんしゅう
gloss_ruby	千葉幹夫	ちばみきお
gloss_ruby	卓爾	たくじ
gloss_ruby	卓見	たっけん
gloss_ruby	協心戮力	きょうしんりくりょく
gloss_ruby	南都仏教	なんとぶっきょう
gloss_ruby	印度	インド
gloss_ruby	印行	いんこう
gloss_ruby	即	つ
gloss_ruby	参内	さんだい
gloss_ruby	又	また
gloss_ruby	反逆	はんぎゃく
gloss_ruby	叢雲	むらくも
gloss_ruby	古	いにしえ
gloss_ruby	古事記伝	こじきでん
gloss_ruby	可可	かか
gloss_ruby	右遶	うにょう
gloss_ruby	吉田敏浩	よしだ・としひろ
gloss_ruby	吉野宮	よしののみや
gloss_ruby	同心協力	どうしんきょうりょく
gloss_ruby	同母兄	いろせ
gloss_ruby	同母妹	いろも
gloss_ruby	向	むか
gloss_ruby	君	きみ
gloss_ruby	君民	くんみん
gloss_ruby	君父	くんぷ
gloss_ruby	君臣	くんしん
gloss_ruby	吾	あ
gloss_ruby	吾	あれ
gloss_ruby	吾	われ
gloss_ruby	呉服	くれはとり
gloss_ruby	味物	ためつもの
gloss_ruby	命	みこと
gloss_ruby	和	な
gloss_ruby	和	やわ
gloss_ruby	和気清麻呂	わけのきよまろ
gloss_ruby	和銅	わどう
gloss_ruby	和魂	にぎみたま
gloss_ruby	咎	とが
gloss_ruby	咫尺	しせき
gloss_ruby	咲酒	ゑぐし
gloss_ruby	咸	ことごと
gloss_ruby	唐	とう
gloss_ruby	唯	ただ
gloss_ruby	問	と
gloss_ruby	喉	のみと
gloss_ruby	喜	よろこ
gloss_ruby	喜	よろこび
gloss_ruby	嘉言	かげん
gloss_ruby	四十	しじゅう
gloss_ruby	四方	よも
gloss_ruby	四海	しかい
gloss_ruby	四道将軍	しどうしょうぐん
gloss_ruby	囲	かこみ
gloss_ruby	固陋	ころう
gloss_ruby	国分寺	こくぶんじ
gloss_ruby	国司	こくし
gloss_ruby	国学	こくがく
gloss_ruby	国書	こくしょ
gloss_ruby	国記	こくき
gloss_ruby	國主	こくしゅ
gloss_ruby	國内	こくない
gloss_ruby	國分寺	こくぶんじ
gloss_ruby	國書	こくしょ
gloss_ruby	國民	こくみん
gloss_ruby	國體	こくたい
gloss_ruby	土	に
gloss_ruby	在	いま
gloss_ruby	地	つち
gloss_ruby	地頭	じとう
gloss_ruby	坐	いま
gloss_ruby	坐	ま
gloss_ruby	垂乳根	たらちね
gloss_ruby	城	しろ
gloss_ruby	執拗	しつよう
gloss_ruby	執権	しっけん
gloss_ruby	基	もと
gloss_ruby	基	もとい
gloss_ruby	堂上	どうじょう
gloss_ruby	堤	つつみ
gloss_ruby	場	ば
gloss_ruby	塩	しほ
gloss_ruby	墓	はか
gloss_ruby	壁	かべ
gloss_ruby	士規七則	しきしちそく
gloss_ruby	声聞	しょうもん
gloss_ruby	外宮	げくう
gloss_ruby	外物	とのもの
gloss_ruby	外道	げどう
gloss_ruby	夙	つと
gloss_ruby	多	た
gloss_ruby	大	おお
gloss_ruby	大	おおい
gloss_ruby	大伴家持	おおとものやかもち
gloss_ruby	大佛	だいぶつ
gloss_ruby	大元帥	だいげんすい
gloss_ruby	大八島	おおやしま
gloss_ruby	大八島国	おおやしまのくに
gloss_ruby	大八洲	おおやしま
gloss_ruby	大八洲国	おおやしまのくに
gloss_ruby	大化	たいか
gloss_ruby	大君	おおきみ
gloss_ruby	大和	やまと
gloss_ruby	大和魂	やまとだましい
gloss_ruby	大嘗祭	だいじょうさい
gloss_ruby	大国主命	オオクニヌシノミコト
gloss_ruby	大國主命	おおくにぬしのみこと
gloss_ruby	大宝	たいほう
gloss_ruby	大宮	おおみや
gloss_ruby	大家	おおやけ
gloss_ruby	大寶	たいほう
gloss_ruby	大寶律令	たいほうりつりょう
gloss_ruby	大御食	おおみけ
gloss_ruby	大日如来	だいにちにょらい
gloss_ruby	大日本	おおやまと
gloss_ruby	大旨	たいし
gloss_ruby	大極殿	だいごくでん
gloss_ruby	大瀛	たいえい
gloss_ruby	大物主	オオモノヌシ
gloss_ruby	大王	おおきみ
gloss_ruby	大病	たいびょう
gloss_ruby	大石	おひし
gloss_ruby	大祓	おおはらい
gloss_ruby	大統	たいとう
gloss_ruby	大船	おおふね
gloss_ruby	大蛇	おろち
gloss_ruby	大野晋	オオノ・ススム
gloss_ruby	大隅	おおすみ
gloss_ruby	天	あま
gloss_ruby	天	あめ
gloss_ruby	天下	あめのした
gloss_ruby	天下太平	てんかたいへい
gloss_ruby	天之御中主神	アメノミナカヌシノカミ
gloss_ruby	天台宗	てんだいしゅう
gloss_ruby	天地	あめつち
gloss_ruby	天地開闢	てんちかいびゃく
gloss_ruby	天壌	てんじょう
gloss_ruby	天忍日命	アメノオシヒノミコト
gloss_ruby	天智	てんち
gloss_ruby	天智天皇	てんちてんのう
gloss_ruby	天暦	てんりゃく
gloss_ruby	天津神	アマツカミ
gloss_ruby	天満天神	てんまんてんじん
gloss_ruby	天照大神	あまてらすおおみかみ
gloss_ruby	天照大神	アマテラスオオミカミ
gloss_ruby	天照大神	あまてらすおおみかみ
gloss_ruby	天皇記	てんのうき
gloss_ruby	天目一箇神	アメノマヒトツノカミ
gloss_ruby	天鈿女命	あめのうずめのみこと
gloss_ruby	太平	たいへい
gloss_ruby	太平記	たいへいき
gloss_ruby	太陽	たいよう
gloss_ruby	夫	そ
gloss_ruby	夫々	それぞれ
gloss_ruby	失体	しったい
gloss_ruby	奈良	なら
gloss_ruby	奈良時代	ならじだい
gloss_ruby	奉	ほう
gloss_ruby	奉	まつ
gloss_ruby	奏楽	そうがく
gloss_ruby	女	をみな
gloss_ruby	女帝	じょてい
gloss_ruby	女陰	ホト
gloss_ruby	如	ごと
gloss_ruby	始	はじめ
gloss_ruby	姓	かばね
gloss_ruby	姓	せい
gloss_ruby	威	い
gloss_ruby	威霊	いれい
gloss_ruby	孝徳	こうとく
gloss_ruby	孤兒	こじ
gloss_ruby	學問	がくもん
gloss_ruby	學者	がくしゃ
gloss_ruby	宇	いえ
gloss_ruby	宇佐八幡	うさはちまん
gloss_ruby	宇佐八幡宮	うさはちまんぐう
gloss_ruby	宇迦	ウカ
gloss_ruby	守護	しゅご
gloss_ruby	安	やす
gloss_ruby	安国	やすくに
gloss_ruby	安寝	やすい
gloss_ruby	宏謨	こうぼ
gloss_ruby	宗	むね
gloss_ruby	宗像	むなかた
gloss_ruby	宗良	むねなが
gloss_ruby	官	つかさ
gloss_ruby	官位	かんい
gloss_ruby	宝	たから
gloss_ruby	宝物	たからもの
gloss_ruby	宝祚	ほうそ
gloss_ruby	実	じつ
gloss_ruby	宣	の
gloss_ruby	宣	のたま
gloss_ruby	宣命	せんみょう
gloss_ruby	宮	みや
gloss_ruby	宮中三殿	きゅうちゅうさんでん
gloss_ruby	宮居	みやい
gloss_ruby	家永三郎	イエナガ・サブロウ
gloss_ruby	宸筆	しんぴつ
gloss_ruby	宸翰	しんかん
gloss_ruby	容	カタチ
gloss_ruby	富士谷御杖	ふじたにみつえ
gloss_ruby	富貴	ふうき
gloss_ruby	寝	な
gloss_ruby	寡弱	かじゃく
gloss_ruby	實	じつ
gloss_ruby	寰宇	かんう
gloss_ruby	寸毫	すんごう
gloss_ruby	寿詞	よごと
gloss_ruby	専	もは
gloss_ruby	尊	たつと
gloss_ruby	尊	みこと
gloss_ruby	對馬	つしま
gloss_ruby	小松和彦	こまつかずひこ
gloss_ruby	小森健太朗	こもり・けんたろう
gloss_ruby	小熊英二	オグマ・エイジ
gloss_ruby	小田勝	おだ・まさる
gloss_ruby	小碓尊	おうすのみこと
gloss_ruby	小網	さで
gloss_ruby	小谷真理	こたに・まり
gloss_ruby	少	すくな
gloss_ruby	尚	なお
gloss_ruby	尚武	しょうぶ
gloss_ruby	就中	なかんずく
gloss_ruby	尾翼鱸	をはたすずき
gloss_ruby	尿	ゆまり
gloss_ruby	屎	くそ
gloss_ruby	屡々	しばしば
gloss_ruby	履践	りせん
gloss_ruby	屬國	ぞくこく
gloss_ruby	山	ヤマ
gloss_ruby	山上憶良	やまのうえのおくら
gloss_ruby	山内豊信	やまのうちとよしげ
gloss_ruby	山崎闇斎	やまざきあんさい
gloss_ruby	山川	やまかわ
gloss_ruby	山形孝夫	ヤマガタタカオ
gloss_ruby	山祇	やまつみ
gloss_ruby	山鹿素行	やまがそこう
gloss_ruby	岩屋	いわや
gloss_ruby	岩戸	いわと
gloss_ruby	崇	あが
gloss_ruby	崩	ほう
gloss_ruby	嵐	あらし
gloss_ruby	嶽	がく
gloss_ruby	川上	かわかみ
gloss_ruby	川島博之	かわしま・ひろゆき
gloss_ruby	川島武宜	カワシマ・タケヨシ
gloss_ruby	川村元気	かわむら・げんき
gloss_ruby	已	すで
gloss_ruby	帛	ぬさ
gloss_ruby	帝國	ていこく
gloss_ruby	常陸	ひたち
gloss_ruby	幣	まい
gloss_ruby	平	たいら
gloss_ruby	平田篤胤	ひらたあつたね
gloss_ruby	平野国臣	ひらのくにおみ
gloss_ruby	年號	ねんごう
gloss_ruby	幸	さいわい
gloss_ruby	幸	さき
gloss_ruby	幸	みゆき
gloss_ruby	広虫	ひろむし
gloss_ruby	底土	しはに
gloss_ruby	度々	たびたび
gloss_ruby	庶幾	こいねがわ
gloss_ruby	延喜	えんぎ
gloss_ruby	建御名方神	タケミナカタノカミ
gloss_ruby	建御雷神	タケミカヅチノカミ
gloss_ruby	建築	けんちく
gloss_ruby	式微	しきび
gloss_ruby	弑	しい
gloss_ruby	引上	ひきあ
gloss_ruby	引田	ひけた
gloss_ruby	弘	ひろ
gloss_ruby	弘道館記述義	こうどうかんきじゅつぎ
gloss_ruby	弟	いろと
gloss_ruby	弥	いや
gloss_ruby	弥々	いよいよ
gloss_ruby	弥栄	いやさか
gloss_ruby	当	まさ
gloss_ruby	形相	エイドス
gloss_ruby	彦	ひこ
gloss_ruby	彼	か
gloss_ruby	彼方	おちかた
gloss_ruby	往生	おうじょう
gloss_ruby	後世	こうせい
gloss_ruby	後妻	うはなり
gloss_ruby	後藤謙次	ゴトウ・ケンジ
gloss_ruby	徒	いたずら
gloss_ruby	得	え
gloss_ruby	御	み
gloss_ruby	御世	みよ
gloss_ruby	御代	みよ
gloss_ruby	御前	おんまえ
gloss_ruby	御前	みまえ
gloss_ruby	御告	おつげ
gloss_ruby	御告文	おつげぶみ
gloss_ruby	御器	ごき
gloss_ruby	御大	みほ
gloss_ruby	御子	みこ
gloss_ruby	御年	おんとし
gloss_ruby	御恩	ごおん
gloss_ruby	御手柄	おてがら
gloss_ruby	御方	おんかた
gloss_ruby	御歌	おうた
gloss_ruby	御殿	ごてん
gloss_ruby	御民	みたみ
gloss_ruby	御稜威	みいつ
gloss_ruby	御簾	みす
gloss_ruby	御統	みすまる
gloss_ruby	御衣	おおんぞ
gloss_ruby	御衣	ぎょい
gloss_ruby	御衣	みけし
gloss_ruby	御調	みつぎ
gloss_ruby	御軍	みいくさ
gloss_ruby	御輿	みこし
gloss_ruby	御酒	みき
gloss_ruby	御陰	みほと
gloss_ruby	御霊代	みたましろ
gloss_ruby	御魂	みたま
gloss_ruby	復	また
gloss_ruby	循行	じゅんこう
gloss_ruby	微臣	びしん
gloss_ruby	徳川慶喜	とくがわよしのぶ
gloss_ruby	心志	しんし
gloss_ruby	忍冬	スイカズラ
gloss_ruby	志	こころざし
gloss_ruby	応神	おうじん
gloss_ruby	忠義	ちゅうぎ
gloss_ruby	忠臣	ちゅうしん
gloss_ruby	怒	いか
gloss_ruby	思	おもい
gloss_ruby	思邦歌	くにしのびうた
gloss_ruby	怠	おこた
gloss_ruby	性	さが
gloss_ruby	恙	つつが
gloss_ruby	恢弘	かいこう
gloss_ruby	恭倹	きょうけん
gloss_ruby	息	いき
gloss_ruby	悦	えつ
gloss_ruby	悾悾	こうこう
gloss_ruby	情	なさけ
gloss_ruby	惟	おもん
gloss_ruby	惟神	かむながら
gloss_ruby	惟神	かんながら
gloss_ruby	惧	おそ
gloss_ruby	惻々	そくそく
gloss_ruby	愈	いよいよ
gloss_ruby	意	こころ
gloss_ruby	愛	お
gloss_ruby	感佩	かんぱい
gloss_ruby	感孚	かんぷ
gloss_ruby	慈	いつく
gloss_ruby	慈	いつくしみ
gloss_ruby	慧眼	けいがん
gloss_ruby	憂	うれ
gloss_ruby	憂	うれい
gloss_ruby	憤	いきどお
gloss_ruby	憲	のり
gloss_ruby	懐良	かねなが
gloss_ruby	懼	おそ
gloss_ruby	成	なる
gloss_ruby	我	あ
gloss_ruby	我	が
gloss_ruby	我	わ
gloss_ruby	我	わが
gloss_ruby	我	われ
gloss_ruby	我国	わがくに
gloss_ruby	或	あるい
gloss_ruby	所	ところ
gloss_ruby	所謂	いわゆる
gloss_ruby	所長	しょちょう
gloss_ruby	手末	たなすゑ
gloss_ruby	手腓	たこむら
gloss_ruby	扶	たす
gloss_ruby	抑	そもそも
gloss_ruby	抑々	そもそも
gloss_ruby	折	おり
gloss_ruby	拉致	ラチ
gloss_ruby	拍	はく
gloss_ruby	拘	かかわ
gloss_ruby	拾	ひろ
gloss_ruby	振興	しんこう
gloss_ruby	捲	ま
gloss_ruby	授	さづ
gloss_ruby	掣肘	せいちゅう
gloss_ruby	推古	すいこ
gloss_ruby	推古天皇	すいこてんのう
gloss_ruby	推譲	すいじょう
gloss_ruby	損	そん
gloss_ruby	撫育	ぶいく
gloss_ruby	支那	しな
gloss_ruby	支那	シナ
gloss_ruby	放逐	ほうちく
gloss_ruby	政	まつりごと
gloss_ruby	敬忠	けいちゅう
gloss_ruby	敵	てき
gloss_ruby	數	かず
gloss_ruby	文武	もんむ
gloss_ruby	文武天皇	もんむてんのう
gloss_ruby	斉明	さいめい
gloss_ruby	斉衰	しさい
gloss_ruby	斎	いつ
gloss_ruby	斎庭	ゆにわ
gloss_ruby	新	あらた
gloss_ruby	新嘗祭	しんじょうさい
gloss_ruby	新政	しんせい
gloss_ruby	新田義貞	にったよしさだ
gloss_ruby	新羅	しらぎ
gloss_ruby	新論	しんろん
gloss_ruby	於	おい
gloss_ruby	施	ほどこ
gloss_ruby	旅行	りょこう
gloss_ruby	族	やから
gloss_ruby	旗	はた
gloss_ruby	旗幟	きし
gloss_ruby	日出	ひい
gloss_ruby	日向	ひむか
gloss_ruby	日向	ひゅうが
gloss_ruby	日夜	にちや
gloss_ruby	日新	にっしん
gloss_ruby	日星	じっせい
gloss_ruby	日月	じつげつ
gloss_ruby	日本外史	にほんがいし
gloss_ruby	日本武尊	やまとたけるのみこと
gloss_ruby	日本武尊	ヤマトタケルノミコト
gloss_ruby	日沒	にちぼつ
gloss_ruby	日神	ひのかみ
gloss_ruby	日蓮宗	にちれんしゅう
gloss_ruby	日野俊基	ひのとしもと
gloss_ruby	日野資朝	ひのすけとも
gloss_ruby	明	あ
gloss_ruby	明	あかる
gloss_ruby	明	あきら
gloss_ruby	易姓革命	えきせいかくめい
gloss_ruby	易行道	いぎょうどう
gloss_ruby	昭憲	しょうけん
gloss_ruby	是	これ
gloss_ruby	時宗	じしゅう
gloss_ruby	晦	つごもり
gloss_ruby	景行	けいこう
gloss_ruby	景行天皇	けいこうてんのう
gloss_ruby	暫	しばら
gloss_ruby	暫	しばらく
gloss_ruby	月照	げっしょう
gloss_ruby	有職故実	ゆうそくこじつ
gloss_ruby	有衆	ゆうしゅう
gloss_ruby	服部正明	はっとりまさあき
gloss_ruby	朕	ちん
gloss_ruby	望	のぞ
gloss_ruby	朝	あした
gloss_ruby	朝餉	あさがれい
gloss_ruby	木造	もくぞう
gloss_ruby	末	すえ
gloss_ruby	末木文美士	スエキフミヒコ
gloss_ruby	末葉	うらば
gloss_ruby	末近浩太	すえちか・こうた
gloss_ruby	本	もと
gloss_ruby	本居宣長	もとおりのりなが
gloss_ruby	本村凌二	もとむら・りょうじ
gloss_ruby	本間順治	ホンマジュンジ
gloss_ruby	杉戸清樹	すぎと・せいじゅ
gloss_ruby	杯	つき
gloss_ruby	東	アヅマ
gloss_ruby	東京特許許可局	とうきょうとっきょきょかきょく
gloss_ruby	東大寺	とうだいじ
gloss_ruby	松宮観山	まつみやかんざん
gloss_ruby	松本	マツモト
gloss_ruby	柃	いちさかき
gloss_ruby	柊	ヒイラギ
gloss_ruby	柔	にこや
gloss_ruby	柱	はしら
gloss_ruby	柳父章	ヤナブ・アキラ
gloss_ruby	栄	えい
gloss_ruby	栄華	えいが
gloss_ruby	栲幡千千姫命	タクハタチヂヒメノミコト
gloss_ruby	桑原武夫	クワバラ・タケオ
gloss_ruby	桓武	かんむ
gloss_ruby	桓武天皇	かんむてんのう
gloss_ruby	桜	さくら
gloss_ruby	梨本	ナシモト
gloss_ruby	梭	ひ
gloss_ruby	梵	ブラフマン
gloss_ruby	棄兒	すてご
gloss_ruby	棘	とげ
gloss_ruby	椒	はじかみ
gloss_ruby	椙本	スギモト
gloss_ruby	椽	たるき
gloss_ruby	楕円	だえん
gloss_ruby	楠木正成	くすのきまさしげ
gloss_ruby	楠本	クスモト
gloss_ruby	業	カルマ
gloss_ruby	楲	ひ
gloss_ruby	榊	さかき
gloss_ruby	様	さん
gloss_ruby	樫本	カシモト
gloss_ruby	樹	た
gloss_ruby	橘諸兄	たちばなのもろえ
gloss_ruby	橙	だいだい
gloss_ruby	機屋	はたや
gloss_ruby	機織	はたおり
gloss_ruby	橿原	かしはら
gloss_ruby	次	つぎて
gloss_ruby	欺	あざむ
gloss_ruby	欽定憲法	きんていけんぽう
gloss_ruby	欽明	きんめい
gloss_ruby	欽明天皇	きんめいてんのう
gloss_ruby	正	ただ
gloss_ruby	正成	まさしげ
gloss_ruby	正気	せいき
gloss_ruby	此	こ
gloss_ruby	此	この
gloss_ruby	武内宿禰	たけうちのすくね
gloss_ruby	武士	もののふ
gloss_ruby	歴木	くぬぎ
gloss_ruby	殯	あらき
gloss_ruby	毫	ごう
gloss_ruby	氏上	うじのかみ
gloss_ruby	氏人	うじびと
gloss_ruby	氏文	うじぶみ
gloss_ruby	氏神	うじがみ
gloss_ruby	民	たみ
gloss_ruby	民約憲法	みんやくけんぽう
gloss_ruby	気吹戸	いぶきど
gloss_ruby	水	みず
gloss_ruby	水取	もひとり
gloss_ruby	水土	すいど
gloss_ruby	水村美苗	みずむら・みなえ
gloss_ruby	水母	くらげ
gloss_ruby	氷木	ひぎ
gloss_ruby	永祚	えいそ
gloss_ruby	永積安明	ナガヅミヤスアキ
gloss_ruby	汝	いまし
gloss_ruby	汝	な
gloss_ruby	汝	なんじ
gloss_ruby	池上英洋	いけがみ・ひでひろ
gloss_ruby	河内	かわち
gloss_ruby	河内	こうち
gloss_ruby	治	し
gloss_ruby	法令	ほうれい
gloss_ruby	法隆寺	ほうりゅうじ
gloss_ruby	洋々	ようよう
gloss_ruby	洋風	ようふう
gloss_ruby	流刑	るけい
gloss_ruby	流弊	りゅうへい
gloss_ruby	浄土宗	じょうどしゅう
gloss_ruby	浄土門	じょうどもん
gloss_ruby	浅見絅斎	あさみけいさい
gloss_ruby	浅間	あさま
gloss_ruby	浦安	うらやす
gloss_ruby	浪速	なにわ
gloss_ruby	海	わた
gloss_ruby	海布	め
gloss_ruby	海石	いくり
gloss_ruby	海蓴	こも
gloss_ruby	海驢	みち
gloss_ruby	海鼠	こ
gloss_ruby	淬励	さいれい
gloss_ruby	混沌	こんとん
gloss_ruby	清	きよ
gloss_ruby	清水幾太郎	シミズ・イクタロウ
gloss_ruby	渙発	かんぱつ
gloss_ruby	渝	かわ
gloss_ruby	渡	と
gloss_ruby	渡御	とぎょ
gloss_ruby	渡辺照宏	ワタナベショウコウ
gloss_ruby	渡部昇一	わたなべしょういち
gloss_ruby	渡部泰明	ワタナベ・ヤスアキ
gloss_ruby	湊川神社	みなとがわじんじゃ
gloss_ruby	源実朝	みなもとのさねとも
gloss_ruby	源頼朝	みなもとのよりとも
gloss_ruby	滝浦真人	たきうらまさと
gloss_ruby	漢意	からごころ
gloss_ruby	漬	なづ
gloss_ruby	漸次	ぜんじ
gloss_ruby	澎湃	ほうはい
gloss_ruby	灯	ともしび
gloss_ruby	炉	いろり
gloss_ruby	炊事	すいじ
gloss_ruby	炳	へい
gloss_ruby	炷	とうしん
gloss_ruby	為	な
gloss_ruby	烏	からす
gloss_ruby	烏草樹	さしぶ
gloss_ruby	無塩	ぶえん
gloss_ruby	無色界	むしきかい
gloss_ruby	無道	むどう
gloss_ruby	然	しか
gloss_ruby	煙	けむり
gloss_ruby	熊襲	くまそ
gloss_ruby	熊野純彦	クマノ・スミヒコ
gloss_ruby	燒	や
gloss_ruby	燦然	さんぜん
gloss_ruby	燧臼	ひきりうす
gloss_ruby	爾	なんじ
gloss_ruby	爾来	じらい
gloss_ruby	牽引	けんいん
gloss_ruby	独神	ひとりがみ
gloss_ruby	独逸	ドイツ
gloss_ruby	献上	けんじょう
gloss_ruby	猶	なお
gloss_ruby	獄	ひとや
gloss_ruby	率	ひき
gloss_ruby	玉体	ぎょくたい
gloss_ruby	王	きみ
gloss_ruby	王仁	わに
gloss_ruby	王土	おうど
gloss_ruby	王子	おうじ
gloss_ruby	現人神	あらひとがみ
gloss_ruby	理	ことわり
gloss_ruby	瑕瑾	かきん
gloss_ruby	瑞穂	みずほ
gloss_ruby	環	めぐ
gloss_ruby	瓊瓊杵尊	ににぎのみこと
gloss_ruby	瓊瓊杵尊	ニニギノミコト
gloss_ruby	瓦	かわら
gloss_ruby	甚	はなは
gloss_ruby	生々	しょうじょう
gloss_ruby	生業	なりわい
gloss_ruby	生酥	しょうそ
gloss_ruby	産	む
gloss_ruby	産土	うぶすな
gloss_ruby	用	もち
gloss_ruby	用言	ようげん
gloss_ruby	田中克彦	タナカカツヒコ
gloss_ruby	田中英道	たなか・ひでみち
gloss_ruby	田畑	たはた
gloss_ruby	田荘	たどころ
gloss_ruby	畏	おそ
gloss_ruby	畏	かしこ
gloss_ruby	畔	あ
gloss_ruby	畝傍山	うねびやま
gloss_ruby	異心	ことごころ
gloss_ruby	異朝	いちょう
gloss_ruby	疾	やまい
gloss_ruby	病院	びょういん
gloss_ruby	発	はっ
gloss_ruby	發	はっ
gloss_ruby	白旗	しらはた
gloss_ruby	白髪	しらかみ
gloss_ruby	百々佑利子	モモユリコ
gloss_ruby	百姓	おおみたから
gloss_ruby	百済	くだら
gloss_ruby	百濟	くだら
gloss_ruby	百行	ひゃっこう
gloss_ruby	皆	みな
gloss_ruby	皇	すめら
gloss_ruby	皇位	こうい
gloss_ruby	皇兄	こうけい
gloss_ruby	皇大神宮	こうたいじんぐう
gloss_ruby	皇大神宮	こうだいじんぐう
gloss_ruby	皇太子	こうたいし
gloss_ruby	皇孫	こうそん
gloss_ruby	皇孫	すめみま
gloss_ruby	皇室典範	こうしつてんぱん
gloss_ruby	皇居	こうきょ
gloss_ruby	皇御孫	すめみま
gloss_ruby	皇極	こうぎょく
gloss_ruby	皇極天皇	こうぎょくてんのう
gloss_ruby	皇猷	こうゆう
gloss_ruby	皇祖	こうそ
gloss_ruby	皇祖皇宗	こうそこうそう
gloss_ruby	皇霊殿	こうれいでん
gloss_ruby	盛	さかん
gloss_ruby	直	なお
gloss_ruby	直会	ナオライ
gloss_ruby	直道	じきどう
gloss_ruby	相	あい
gloss_ruby	相剋	そうこく
gloss_ruby	真事	まこと
gloss_ruby	真宗	しんしゅう
gloss_ruby	真摯	しんし
gloss_ruby	真言	まこと
gloss_ruby	睦	むつ
gloss_ruby	矛	ほこ
gloss_ruby	矜式	きょうしょく
gloss_ruby	知行合一	ちこうごういつ
gloss_ruby	矩	のり
gloss_ruby	矯	た
gloss_ruby	石根	いわね
gloss_ruby	石田瑞麿	いしだみずまろ
gloss_ruby	社	ヤシロ
gloss_ruby	祀	まつ
gloss_ruby	祖宗	そそう
gloss_ruby	祝	はふり
gloss_ruby	祝詞	のりと
gloss_ruby	神	かみ
gloss_ruby	神	かん
gloss_ruby	神	みわ
gloss_ruby	神	カミ
gloss_ruby	神事	かみごと
gloss_ruby	神代七代	かみよななよ
gloss_ruby	神兵	しんぺい
gloss_ruby	神功	じんぐう
gloss_ruby	神勅	しんちょく
gloss_ruby	神器	じんぎ
gloss_ruby	神国	しんこく
gloss_ruby	神垣	かみがき
gloss_ruby	神州	しんしゅう
gloss_ruby	神意	しんい
gloss_ruby	神武	しんぶ
gloss_ruby	神武	じんむ
gloss_ruby	神武天皇祭	じんむてんのうさい
gloss_ruby	神殿	しんでん
gloss_ruby	神産巣日神	カミムスビノカミ
gloss_ruby	神皇正統記	じんのうしょうとうき
gloss_ruby	神祇官	じんぎかん
gloss_ruby	神祖	かむおや
gloss_ruby	神裔	しんえい
gloss_ruby	神道	しんとう
gloss_ruby	神道	じんどう
gloss_ruby	神道	シンタウ
gloss_ruby	神道	シンダウ
gloss_ruby	神道	シントウ
gloss_ruby	神道	シンドウ
gloss_ruby	禅譲放伐	ぜんじょうほうばつ
gloss_ruby	禊祓	みそぎはらい
gloss_ruby	禍	まが
gloss_ruby	禍	わざわい
gloss_ruby	禦侮	ぎょぶ
gloss_ruby	禮	れい
gloss_ruby	禿	かむろ
gloss_ruby	秀	ひい
gloss_ruby	秀	ほ
gloss_ruby	私	わたくし
gloss_ruby	秋月龍珉	あきづきりょうみん
gloss_ruby	科戸	しなと
gloss_ruby	称徳	しょうとく
gloss_ruby	程	ほど
gloss_ruby	稚	わか
gloss_ruby	稜威	みいつ
gloss_ruby	種子	たね
gloss_ruby	稻	いね
gloss_ruby	穢	けが
gloss_ruby	穢	けがれ
gloss_ruby	窪薗晴夫	くぼぞのはるお
gloss_ruby	窮	きわま
gloss_ruby	竈	へつひ
gloss_ruby	立	たち
gloss_ruby	竭	つ
gloss_ruby	端	は
gloss_ruby	端	はし
gloss_ruby	笑	わらい
gloss_ruby	笠原十九司	カサハラトクシ
gloss_ruby	笠縫	かさぬい
gloss_ruby	笹原宏之	ささはら・ひろゆき
gloss_ruby	等	ら
gloss_ruby	篋	はこ
gloss_ruby	篳篥	ひちりき
gloss_ruby	簸川	ひのかわ
gloss_ruby	米川明彦	よねかわあきひこ
gloss_ruby	粋然	すいぜん
gloss_ruby	紀伊	きい
gloss_ruby	紀元	きげん
gloss_ruby	紀元節	きげんせつ
gloss_ruby	紀野一義	キノカズヨシ
gloss_ruby	素戔嗚	スサノオ
gloss_ruby	素戔嗚尊	すさのおのみこと
gloss_ruby	細螺	しただみ
gloss_ruby	紹述	しょうじゅつ
gloss_ruby	終	つい
gloss_ruby	組	くみ
gloss_ruby	組	ぐみ
gloss_ruby	経綸	けいりん
gloss_ruby	統	す
gloss_ruby	絶	た
gloss_ruby	綏靖天皇	すいぜいてんのう
gloss_ruby	網野善彦	アミノ・ヨシヒコ
gloss_ruby	総司	そうじ
gloss_ruby	緒	お
gloss_ruby	縁	えん
gloss_ruby	縲絏	るいせつ
gloss_ruby	繁木	しげき
gloss_ruby	罕	まれ
gloss_ruby	罪	つみ
gloss_ruby	群品	ぐんぽん
gloss_ruby	義助	よしすけ
gloss_ruby	義時	よしとき
gloss_ruby	習	なら
gloss_ruby	翠鳥	そにどり
gloss_ruby	老若男女	ろうにゃくなんにょ
gloss_ruby	而	しか
gloss_ruby	聖寿	せいじゅ
gloss_ruby	聖徳太子	しょうとくたいし
gloss_ruby	聖德太子	しょうとくたいし
gloss_ruby	聖文神武	せいぶんしんぶ
gloss_ruby	聖業	せいぎょう
gloss_ruby	聖武	しょうむ
gloss_ruby	聖武天皇	しょうむてんのう
gloss_ruby	聖緒	せいしょ
gloss_ruby	聖道門	しょうどうもん
gloss_ruby	聞	きこ
gloss_ruby	聞分	ききわ
gloss_ruby	聞香	ぶんこう
gloss_ruby	聲	こえ
gloss_ruby	聳	そび
gloss_ruby	肇	はじ
gloss_ruby	肇国	ちょうこく
gloss_ruby	肇基	ちょうき
gloss_ruby	股肱	ここう
gloss_ruby	能	あた
gloss_ruby	腓	こぶら
gloss_ruby	腕	ただむき
gloss_ruby	膝方歳三	ひざかたとしぞう
gloss_ruby	膳夫	かしはで
gloss_ruby	臨済宗	りんざいしゅう
gloss_ruby	自	みずか
gloss_ruby	自	みずから
gloss_ruby	自今	じこん
gloss_ruby	自殺	じさつ
gloss_ruby	自然法爾	じねんほうに
gloss_ruby	至尊	しそん
gloss_ruby	興隆	こうりゅう
gloss_ruby	舒明	じょめい
gloss_ruby	舟	ふな
gloss_ruby	舳	へ
gloss_ruby	船渠	せんきょ
gloss_ruby	艫	とも
gloss_ruby	色	いろ
gloss_ruby	色界	しきかい
gloss_ruby	花道	はなみち
gloss_ruby	苟	いやしく
gloss_ruby	若布	わかめ
gloss_ruby	若水	わかみず
gloss_ruby	茲	ここ
gloss_ruby	草薙剣	くさなぎのつるぎ
gloss_ruby	草薙劔	くさなぎのつるぎ
gloss_ruby	荒魂	あらみたま
gloss_ruby	莫春	ぼしゅん
gloss_ruby	菅原	すげはら
gloss_ruby	菅原道真	すがわらみちざね
gloss_ruby	菊池氏	きくちし
gloss_ruby	菊池秀明	キクチヒデアキ
gloss_ruby	菠薐	ほうれん
gloss_ruby	華	ハナ
gloss_ruby	萎靡	いび
gloss_ruby	萬世一系	ばんせいいっけい
gloss_ruby	萬民	ばんみん
gloss_ruby	萱	かや
gloss_ruby	葉盤	ひらで
gloss_ruby	葦牙	あしかび
gloss_ruby	葬儀	そうぎ
gloss_ruby	葺	ふ
gloss_ruby	蒜	ひる
gloss_ruby	蒼生	そうせい
gloss_ruby	蓋	けだ
gloss_ruby	蓴	ぬなは
gloss_ruby	薙	な
gloss_ruby	薩摩	サツマ
gloss_ruby	薫蕕	くんいう
gloss_ruby	藤原	ふじわら
gloss_ruby	藤原彰	フジワラ・アキラ
gloss_ruby	藤原鎌足	ふじわらのかまたり
gloss_ruby	藤森照信	ふじもり・てるのぶ
gloss_ruby	藤田東湖	ふじたとうこ
gloss_ruby	藥	くすり
gloss_ruby	蘇我氏	そがし
gloss_ruby	蘇我石川麻呂	そがのいしかわまろ
gloss_ruby	蘇我蝦夷	そがのえみし
gloss_ruby	處	ところ
gloss_ruby	虧	か
gloss_ruby	虻	あぶ
gloss_ruby	虻	あむ
gloss_ruby	蚕	かいこ
gloss_ruby	蚕	こ
gloss_ruby	蛇	へみ
gloss_ruby	蝦夷	えぞ
gloss_ruby	蝦夷	えみし
gloss_ruby	蝮	たぢひ
gloss_ruby	螺髪	らほつ
gloss_ruby	螺髻	らけい
gloss_ruby	蠶	かいこ
gloss_ruby	血	ち
gloss_ruby	衆芳	しゅうほう
gloss_ruby	行	おこない
gloss_ruby	行	ぎょう
gloss_ruby	行基	ぎょうき
gloss_ruby	行宮	あんぐう
gloss_ruby	袋	ふくろ
gloss_ruby	裡	うち
gloss_ruby	褌	フンドシ
gloss_ruby	襪	したぐつ
gloss_ruby	襲	おすひ
gloss_ruby	西班牙	スペイン
gloss_ruby	西行法師	さいぎょうほうし
gloss_ruby	要	よう
gloss_ruby	覆溺	ふくでき
gloss_ruby	見参	げんざん
gloss_ruby	見参	げんぞう
gloss_ruby	覚	さとり
gloss_ruby	親	した
gloss_ruby	親鸞	しんらん
gloss_ruby	解脱	げだつ
gloss_ruby	言	げん
gloss_ruby	言	こと
gloss_ruby	言立	ことだ
gloss_ruby	言霊	ことだま
gloss_ruby	許田	きょだ
gloss_ruby	訴	うったえ
gloss_ruby	詔	みことのり
gloss_ruby	詞章	ししょう
gloss_ruby	詠	ながめごと
gloss_ruby	詩歌	しいか
gloss_ruby	詭激	きげき
gloss_ruby	詳	つまびらか
gloss_ruby	誅	ちゅう
gloss_ruby	誉	ほまれ
gloss_ruby	誠	まこと
gloss_ruby	談合	だんこう
gloss_ruby	談山神社	たんざんじんじゃ
gloss_ruby	諍	あらそ
gloss_ruby	論	あげつら
gloss_ruby	諸事	しょじ
gloss_ruby	諺	ことわざ
gloss_ruby	講筵	こうえん
gloss_ruby	謡歌	ようか
gloss_ruby	謳	うた
gloss_ruby	謳	おう
gloss_ruby	警	いまし
gloss_ruby	譬	たと
gloss_ruby	議	はか
gloss_ruby	護王神社	ごおうじんじゃ
gloss_ruby	豊葦原	とよあしはら
gloss_ruby	豐年	ほうねん
gloss_ruby	貢	みつぎ
gloss_ruby	貢物	みつぎもの
gloss_ruby	貴	たっと
gloss_ruby	賀茂真淵	かものまぶち
gloss_ruby	賀詞	がし
gloss_ruby	賢	かしこ
gloss_ruby	賢士	けんし
gloss_ruby	賢所	かしこどころ
gloss_ruby	質素	しっそ
gloss_ruby	赤子	せきし
gloss_ruby	赤心	せきしん
gloss_ruby	趣味	シュミ
gloss_ruby	跛	あしなへ
gloss_ruby	蹈鞴	タタラ
gloss_ruby	蹤	あと
gloss_ruby	蹴鞠	けまり
gloss_ruby	躬	み
gloss_ruby	軍船	いくさぶね
gloss_ruby	輓近	ばんきん
gloss_ruby	輔翼	ほよく
gloss_ruby	轍	てつ
gloss_ruby	近代	ちかつよ
gloss_ruby	近江	おうみ
gloss_ruby	近江令	おうみりょう
gloss_ruby	逐	お
gloss_ruby	逕庭	けいてい
gloss_ruby	遂	つい
gloss_ruby	遊行	ゆぎょう
gloss_ruby	道元	どうげん
gloss_ruby	道鏡	どうきょう
gloss_ruby	違	たが
gloss_ruby	遠山茂樹	トオヤマ・シゲキ
gloss_ruby	遥	はるか
gloss_ruby	遷	うつ
gloss_ruby	遺	のこ
gloss_ruby	還相回向	げんそうえこう
gloss_ruby	邑	むら
gloss_ruby	部曲	かきべ
gloss_ruby	部民	ぶみん
gloss_ruby	都	みやこ
gloss_ruby	酒	さけ
gloss_ruby	醇化	じゅんか
gloss_ruby	醜男	シコヲ
gloss_ruby	釈徹宗	しゃく・てっしゅう
gloss_ruby	野洲	やす
gloss_ruby	金	きん
gloss_ruby	金	くがね
gloss_ruby	金剛石	ダイヤモンド
gloss_ruby	鈴木大拙	スズキ・ダイセツ
gloss_ruby	鈴木孝夫	スズキタカオ
gloss_ruby	鈴木孝夫	スズキ・タカオ
gloss_ruby	鉄	まがね
gloss_ruby	鉗	かなばさみ
gloss_ruby	銀	しろがね
gloss_ruby	鋳造	ちゅうぞう
gloss_ruby	鍍金	メッキ
gloss_ruby	鍛冶	かじ
gloss_ruby	鎌足	かまたり
gloss_ruby	鎮守	ちんじゅ
gloss_ruby	長髄彦	ナガスネヒコ
gloss_ruby	間	けん
gloss_ruby	阪下圭八	サカシタケイハチ
gloss_ruby	防人	さきもり
gloss_ruby	阿修羅	アスラ
gloss_ruby	阿弥陀仏	あみだぶつ
gloss_ruby	阿部芳郎	アベヨシロウ
gloss_ruby	陋習	ろうしゅう
gloss_ruby	降	くだり
gloss_ruby	降參	こうさん
gloss_ruby	陰	ほと
gloss_ruby	陵	みささぎ
gloss_ruby	雖	いえど
gloss_ruby	雛祭	ひなまつり
gloss_ruby	難	がた
gloss_ruby	難	なん
gloss_ruby	難波	なにわ
gloss_ruby	雷雨	らいう
gloss_ruby	雹	ひょう
gloss_ruby	霄壌	しょうじょう
gloss_ruby	霊	たましい
gloss_ruby	霊	みたま
gloss_ruby	霊畤	まつりのにわ
gloss_ruby	青	あお
gloss_ruby	青垣山	あおがきやま
gloss_ruby	靖献遺言	せいけんいげん
gloss_ruby	革	つくりかわ
gloss_ruby	靴	くつ
gloss_ruby	順	したが
gloss_ruby	頗	すこぶ
gloss_ruby	領巾	ひれ
gloss_ruby	頭	かしら
gloss_ruby	頭	かぶ
gloss_ruby	頭首	とうしゅ
gloss_ruby	頼山陽	らいさんよう
gloss_ruby	風	ふう
gloss_ruby	風俗	ふうぞく
gloss_ruby	風土記	ふどき
gloss_ruby	食	は
gloss_ruby	養老	ようろう
gloss_ruby	餘年	よねん
gloss_ruby	饒速日命	ニギハヤヒノミコト
gloss_ruby	首領	しゅりょう
gloss_ruby	香取	かとり
gloss_ruby	香椎	かしい
gloss_ruby	馬渕睦夫	まぶちむつお
gloss_ruby	馬渕睦夫	まぶち・むつお
gloss_ruby	駕	が
gloss_ruby	駿河	するが
gloss_ruby	験	しるし
gloss_ruby	高倉下	タカクラジ
gloss_ruby	高処	つかさ
gloss_ruby	高千穂	たかちほ
gloss_ruby	高名	こうみょう
gloss_ruby	高天原	たかまのはら
gloss_ruby	高山正之	たかやままさゆき
gloss_ruby	高御座	たかみくら
gloss_ruby	高御産巣日神	タカミムスビノカミ
gloss_ruby	高慢	こうまん
gloss_ruby	高木惣吉	タカギソウキチ
gloss_ruby	高橋氏文	たかはしうじぶみ
gloss_ruby	高殿	たかどの
gloss_ruby	高田	あげた
gloss_ruby	高麗	こま
gloss_ruby	高麗人	こまびと
gloss_ruby	鳥見	とみ
gloss_ruby	鳥見山	とみのやま
gloss_ruby	鳰鳥	にほどり
gloss_ruby	鳰鳥	みほどり
gloss_ruby	鳶	とび
gloss_ruby	鴻業	こうぎょう
gloss_ruby	鵄	とび
gloss_ruby	鵜川	うがわ
gloss_ruby	鵠	くび
gloss_ruby	鶏	かけ
gloss_ruby	鶏婚	とりたはけ
gloss_ruby	鶴	たづ
gloss_ruby	鶺鴒	まなばしら
gloss_ruby	鷦鷯	さざき
gloss_ruby	鹿	しか
gloss_ruby	鹿島	かしま
gloss_ruby	麥	むぎ
gloss_ruby	黄泉	よみ
gloss_ruby	黄肌	キハダ
gloss_ruby	黄葉	もみじ
gloss_ruby	黄蜀葵	とろろあおい
gloss_ruby	黎民	れいみん
gloss_ruby	黒葛	つづら
gloss_ruby	神器	じんぎ
gloss_ruby	神國	しんこく
gloss_ruby	神樂	かぐら
gloss_ruby	神武天皇	じんむてんのう
gloss_ruby	諸國	しょこく
gloss_ruby	𠮟咤	しった
unclosed_ruby	tag	base	reading
unclosed_ruby	ルビ右［対峙｜たいじ	対峙	たいじ
unclosed_ruby	ルビ下［天竜人｜てんりゅうびと	天竜人	てんりゅうびと
unclosed_ruby	ルビ上［犬噛紅蓮｜いぬがみぐれん	犬噛紅蓮	いぬがみぐれん
unclosed_ruby	ルビ上［Ａ・Ｏ｜アーオー	Ａ・Ｏ	アーオー
unclosed_ruby	ルビ右［Ｑ｜キュー	Ｑ	キュー
unclosed_ruby	ルビ上［七武海｜しちぶかい	七武海	しちぶかい
unclosed_ruby	ルビ下［悪｜わり	悪	わり
unclosed_ruby	ルビ上［痛｜いて	痛	いて
unclosed_ruby	ルビ上［Dr.｜ドクター	Dr.	ドクター
unclosed_ruby	ルビ上［黒｜くろ	黒	くろ
unclosed_ruby	ルビ上［Ｄ｜ディー	Ｄ	ディー
unclosed_ruby	ルビ下［覇王色｜はおうしょく	覇王色	はおうしょく
unclosed_ruby	ルビ上［塞｜せ	塞	せ
unclosed_ruby	ルビ下［八方水軍｜はっぽうすいぐん	八方水軍	はっぽうすいぐん
unclosed_ruby	ルビ下［棟梁｜とうりょう	棟梁	とうりょう
unclosed_ruby	ルビ上［錐｜きり	錐	きり
unclosed_ruby	ルビ下［首領｜ドン	首領	ドン
unclosed_ruby	ルビ上［錦｜きん	錦	きん
unclosed_ruby	ルビ下［十郎｜じゅうろう	十郎	じゅうろう
unclosed_ruby	ルビ上［雷兵隊｜カミナリへいたい	雷兵隊	カミナリへいたい
unclosed_ruby	ルビ下［八衝拳｜はっしょうけん	八衝拳	はっしょうけん
unclosed_ruby	ルビ上［武頭｜ブトウ	武頭	ブトウ
unclosed_ruby	ルビ上［電伝虫｜でんでんむし	電伝虫	でんでんむし
unclosed_ruby	ルビ上［藤虎｜ふじトラ	藤虎	ふじトラ
unclosed_ruby	ルビ下［七武海｜しちぶかい	七武海	しちぶかい
unclosed_ruby	ルビ上［SMILE｜スマイル	SMILE	スマイル
unclosed_ruby	ルビ上［死の刀｜ステルベン	死の刀	ステルベン
unclosed_ruby	ルビ上［危｜あぶ	危	あぶ
unclosed_ruby	ルビ下［王下七武海｜おうかしちぶかい	王下七武海	おうかしちぶかい
unclosed_ruby	ルビ下［男｜お	男	お
unclosed_ruby	ルビ上［百花繚乱｜シエンフルール	百花繚乱	シエンフルール
unclosed_ruby	ルビ上［蜘蛛の華｜スパイダーネット	蜘蛛の華	スパイダーネット
unclosed_ruby	ルビ上［弾糸｜タマイト	弾糸	タマイト
unclosed_ruby	ルビ上［鷹鞭｜ホークウィップ	鷹鞭	ホークウィップ
unclosed_ruby	ルビ下［金の斧 銀の斧｜プレシャスメタルアックス	金の斧 銀の斧	プレシャスメタルアックス
unclosed_ruby	ルビ上［速｜はえ	速	はえ
unclosed_ruby	ルビ上［超過鞭糸｜オーバーヒート	超過鞭糸	オーバーヒート
unclosed_ruby	ルビ上［流動防壁｜バリアビリティ	流動防壁	バリアビリティ
unclosed_ruby	ルビ上［階段｜ステアーズ	階段	ステアーズ
unclosed_ruby	ルビ上［十郎｜じゅうろう	十郎	じゅうろう
unclosed_ruby	ルビ上［２｜セカンド	２	セカンド
unclosed_ruby	ルビ上［火拳銃｜レッドホーク	火拳銃	レッドホーク
unclosed_ruby	ルビ上［３｜サード	３	サード
unclosed_ruby	ルビ上［灰熊銃｜グリズリー・マグナム	灰熊銃	グリズリー・マグナム
unclosed_ruby	ルビ右［４｜フォース	４	フォース
unclosed_ruby	ルビ上［炸裂｜さくれつ	炸裂	さくれつ
ass_pairs	base	reading
ass_pairs	×	ばつ
ass_pairs	Ⅲ	スリー
ass_pairs	Ⅲ	スリー
ass_pairs	な	ナリ
ass_pairs	に	やつ
ass_pairs	一万滑空粘魚	いちまんかっくうねんぎょ
ass_pairs	一世界	ひとせかい
ass_pairs	一之瀬家	いちのせけ
ass_pairs	一件	いっけん
ass_pairs	一個	いっこ
ass_pairs	一分	いちぶ
ass_pairs	一剛力羅	いちゴリラ
ass_pairs	一匹	いっぴき
ass_pairs	一夫関	いっぷかん
ass_pairs	一択	いったく
ass_pairs	一押	ひとお
ass_pairs	一振	ひとふ
ass_pairs	一滴	いってき
ass_pairs	一般攻撃魔法	ゾルトラーク
ass_pairs	一芝居	ひとしばい
ass_pairs	一貴	かずき
ass_pairs	一踏	ひとふ
ass_pairs	一軒	いっけん
ass_pairs	一隻	いっせき
ass_pairs	一鶚	いちがく
ass_pairs	七崩賢	しちほうけん
ass_pairs	七武海	しちぶかい
ass_pairs	七海健人	ななみけんと
ass_pairs	七海建人	ななみけんと
ass_pairs	七瀬悠月	ななせゆづき
ass_pairs	七百二十煩悩鳳	ななひゃくにじゅうポンドほう
ass_pairs	万力	シンバル
ass_pairs	万国	トットランド
ass_pairs	三代鬼徹	さんだいきてつ
ass_pairs	三千	さんぜん
ass_pairs	三池苗子	みいけなえこ
ass_pairs	三百六十煩悩鳳	さんびゃくろくじゅうポンドほう
ass_pairs	三輪咲き	トレスフルール
ass_pairs	三郎	ざぶろう
ass_pairs	下々民	しもじみん
ass_pairs	下奴	かど
ass_pairs	下象	げぞう
ass_pairs	不味	まじ
ass_pairs	不正	リグ
ass_pairs	不沈艦	ガレオン
ass_pairs	不義遊戯	ブギウギ
ass_pairs	与	むた
ass_pairs	与幸吉	むたこうきち
ass_pairs	世界	ユグドラシル
ass_pairs	世界会議	レヴェリー
ass_pairs	世知辛	せちがら
ass_pairs	世経	せけい
ass_pairs	丞	じょう
ass_pairs	主面	ぬしづら
ass_pairs	九十九	つくも
ass_pairs	九相図	くそうず
ass_pairs	九里	くり
ass_pairs	九里ヶ浜	くりがはま
ass_pairs	九里城	くりじょう
ass_pairs	乱打	ガトリング
ass_pairs	乱暴	ランボー
ass_pairs	乱杭咬	らんぐいが
ass_pairs	乱破者	らっぱもの
ass_pairs	乳首	ニップル
ass_pairs	二代鬼徹	にだいきてつ
ass_pairs	二剛力羅	にゴリラ
ass_pairs	二十年	はたとせ
ass_pairs	二宝水軍　棟梁	にほうすいぐんとうりょう
ass_pairs	二重大祓砲	ミラクルキャノン
ass_pairs	五分	ごぶ
ass_pairs	五千枚瓦	ごせんまいがわら
ass_pairs	五老星	ごろうせい
ass_pairs	五色糸	ゴシキート
ass_pairs	五芒星	アビス
ass_pairs	五郎殿	ごろうどの
ass_pairs	五重奏	ヴィオラ
ass_pairs	人を殺す魔法	ゾルトラーク
ass_pairs	人間	ヒューマン
ass_pairs	人間狩	にんげんが
ass_pairs	付喪操術	つくもそうじゅつ
ass_pairs	代貸	だいがし
ass_pairs	伊達港	イタチみなと
ass_pairs	伏魔御廚子	ふくまみづし
ass_pairs	伏黒恵	ふしぐろめぐみ
ass_pairs	似合	にお
ass_pairs	何時	なんじ
ass_pairs	何者	なにもん
ass_pairs	何者	もん
ass_pairs	何遍	なんべん
ass_pairs	使	つこ
ass_pairs	來	き
ass_pairs	侍	さむれえ
ass_pairs	侍者	おもと
ass_pairs	侍魅大魂	しみだいこん
ass_pairs	侠客団	ガーディアンズ
ass_pairs	修多羅等級	シュタラスケール
ass_pairs	俺	おら
ass_pairs	偽者	にせもん
ass_pairs	傀儡操術	かいらいそうじゅつ
ass_pairs	傑	すぐる
ass_pairs	億越	おくご
ass_pairs	償	つぐな
ass_pairs	元帥殿	げんすいどの
ass_pairs	元王太后	おうたいごう
ass_pairs	兄御	あにご
ass_pairs	先輩風	せんぱいかぜ
ass_pairs	光の帝国	リヒト・ライヒ
ass_pairs	光の雨	リヒト・レーゲン
ass_pairs	光月	こうづき
ass_pairs	光本兵我	こうもとひょうが
ass_pairs	光画	ひかりえ
ass_pairs	免	ゆるし
ass_pairs	兎丼	うどん
ass_pairs	全身破裂	ファッションパンク
ass_pairs	八	ばち
ass_pairs	八咫鏡	やたのかがみ
ass_pairs	八尺瓊勾玉	やさかにのまがたま
ass_pairs	八岐大蛇	やまたのおろち
ass_pairs	八握	やつか
ass_pairs	八握剣　異戒神将　魔虚羅	やつかのつるぎいかいしんしょうまこら
ass_pairs	八茶	はっちゃ
ass_pairs	八衝拳	はっしょうけん
ass_pairs	八衝拳　奥義	はっしょうけんおうぎ
ass_pairs	六杖光牢	りくじょうこうろう
ass_pairs	六王銃	ロクオウガン
ass_pairs	六眼	め
ass_pairs	六眼	りくがん
ass_pairs	六胞	ろっぽう
ass_pairs	兵糧攻	ひょうろうぜ
ass_pairs	兵衛	べえ
ass_pairs	内田優空	うちだゆあ
ass_pairs	円卓	ラウンドテーブル
ass_pairs	円城寺仁	えんじょうじじん
ass_pairs	冥狗	めいごう
ass_pairs	凡常	ぼんじょう
ass_pairs	凪	カーム
ass_pairs	出	だ
ass_pairs	函谷関	かんこくかん
ass_pairs	刀神	とうじん
ass_pairs	刃武港	ハブみなと
ass_pairs	刃節	じんせつ
ass_pairs	切断	アンピュテート
ass_pairs	刈祓	かりばらい
ass_pairs	到着 大成功	とうちゃくだいせいこう
ass_pairs	剃	ソル
ass_pairs	前	めえ
ass_pairs	剣崎　修	けんざきおさむ
ass_pairs	副隊長殿	ふくたいちょうどの
ass_pairs	助	たす
ass_pairs	効	き
ass_pairs	化物	やつら
ass_pairs	化物	コイツ
ass_pairs	十二輪咲き	ドーセフルール
ass_pairs	十二鬼月	じゅうにきづき
ass_pairs	十八番	おはこ
ass_pairs	十宝水軍	じゅっぽうすいぐん
ass_pairs	十指銃	ジュッシガン
ass_pairs	十種影法術	とくさのかげぼうじゅつ
ass_pairs	十輪咲き	ディエスフルール
ass_pairs	千	ぜん
ass_pairs	千八十煩悩鳳	せんはちじゅうポンドほう
ass_pairs	千寿郎	せんじゅろう
ass_pairs	千本桜	せんぼんざくら
ass_pairs	千本桜景厳	せんぼんざくらかげよし
ass_pairs	千本針	せんぼんばり
ass_pairs	千歳朔	ちとせさく
ass_pairs	千津	ちづ
ass_pairs	千ｔ	せんトン
ass_pairs	半天狗	はんてんぐ
ass_pairs	卍解	ばんかい
ass_pairs	卑怯者	ひきょうもの
ass_pairs	博羅町	ばくらちょう
ass_pairs	危	あぶ
ass_pairs	即	そく
ass_pairs	厄介事	やっかいごと
ass_pairs	厄港鳥	ヤッコウドリ
ass_pairs	去	い
ass_pairs	反発	リペル
ass_pairs	古徹	こてつ
ass_pairs	叫	さけ
ass_pairs	右	ライト
ass_pairs	右尻	ウシリー
ass_pairs	右腹	ウバラ
ass_pairs	叶子	かのこ
ass_pairs	吐	と
ass_pairs	吹送流	すいそうりゅう
ass_pairs	周断	あまねだち
ass_pairs	呪胎	じゅたい
ass_pairs	呪胎九相図	じゅたいくそうず
ass_pairs	呪術	ちから
ass_pairs	呪詛師	じゅそし
ass_pairs	呪詛師御用達	じゅそしごようたし
ass_pairs	呪詛師撃退後	じゅそしげきたいご
ass_pairs	呪詛師集団	じゅそししゅうだん
ass_pairs	呪霊	じゅれい
ass_pairs	呪霊操術	じゅれいそうじゅつ
ass_pairs	呪霊攻略　	じゅれいこうりゃく
ass_pairs	呪骸	じゅがい
ass_pairs	咆雷	ほうらい
ass_pairs	和道一文字	わどういちもんじ
ass_pairs	嗅	か
ass_pairs	噛二郎	カミじろう
ass_pairs	噛石	バイトストン
ass_pairs	噴火雨	ふんかあめ
ass_pairs	四千枚瓦正拳	よんせんまいがわらせいけん
ass_pairs	四煌星	しこうせい
ass_pairs	四葉家	よつばけ
ass_pairs	国	くに
ass_pairs	国引	くにひ
ass_pairs	土茶	トサ
ass_pairs	土茶噛	トサが
ass_pairs	土遁	どとん
ass_pairs	地獄	インフェルノ
ass_pairs	地翁拳	じおうけん
ass_pairs	坂井原　浩	さかいばらひろし
ass_pairs	垂天遠霞	すいてんとおがすみ
ass_pairs	執着	おもい
ass_pairs	堅	がた
ass_pairs	堕姫	だき
ass_pairs	墓石攻撃	ぼせきこうげき
ass_pairs	墨雲	すみぐも
ass_pairs	壊	こわ
ass_pairs	壊相	えそう
ass_pairs	壺振	つぼふ
ass_pairs	変若水	おちみず
ass_pairs	夏油	げとう
ass_pairs	夏油傑	げとうすぐる
ass_pairs	外套	マント
ass_pairs	多重魂	たじゅうこん
ass_pairs	夜明歌	オーバード
ass_pairs	大刀腰	だいとうこし
ass_pairs	大巨人	だいだらぼっち
ass_pairs	大帆船	だいはんせん
ass_pairs	大成長	スーパーグローアップ
ass_pairs	大波白糸	ビローホワイト
ass_pairs	大猿王	キングコング
ass_pairs	大猿王銃	キングコングガン
ass_pairs	大相撲地獄	おおずもうインフェルノ
ass_pairs	大祓砲	ウルトラキャノン
ass_pairs	大舞台	おおぶたい
ass_pairs	大蛇	パイソン
ass_pairs	大蛇砲	カルヴァリン
ass_pairs	大辰撼	だいしんかん
ass_pairs	大量虐殺	ジ・オーヴァーキル
ass_pairs	大鐘楼	だいしょうろう
ass_pairs	大騒動	おおそうどう
ass_pairs	大龍	おおたつ
ass_pairs	天候の卵	ウェザーエッグ
ass_pairs	天内理子	あまないりこ
ass_pairs	天叢雲剣	あまのむらくも
ass_pairs	天竜人	てんりゅうびと
ass_pairs	天羽々斬	あめのはばきり
ass_pairs	天逆鉾	あまのさかほこ
ass_pairs	太客	ふときゃく
ass_pairs	太陽の盾	スヴァリン
ass_pairs	太陽石	ペインター
ass_pairs	太陽鋸	タイヨウノコ
ass_pairs	奈穂	なほ
ass_pairs	奉行斬	ぶぎょうぎ
ass_pairs	契闊	けいかつ
ass_pairs	女ヶ島	にょうがしま
ass_pairs	女性	じょせい
ass_pairs	女性	ひと
ass_pairs	妓夫太郎	ぎゅうたろう
ass_pairs	妨害白電伝虫	ぼうがいしろでんでんむし
ass_pairs	姫君	ひめぎみ
ass_pairs	娑羅双樹	しゃらそうじゅ
ass_pairs	嫌	きら
ass_pairs	子供	ガキ
ass_pairs	孔	コン
ass_pairs	宇宙人	うちゅうじん
ass_pairs	宇宙人説	うちゅうじんせつ
ass_pairs	守	も
ass_pairs	完聖体	フォルシュテンディッヒ
ass_pairs	宏嵩	ひろたか
ass_pairs	宗教団体　	しゅうきょうだんたい
ass_pairs	宝物	たからもん
ass_pairs	実弥	さねみ
ass_pairs	実直拳骨	オネスティインパクト
ass_pairs	宴	うたげ
ass_pairs	家中	いえじゅう
ass_pairs	家入硝子	いえいりしょうこ
ass_pairs	容	かたち
ass_pairs	寄生糸	パラサイト
ass_pairs	寒	さみ
ass_pairs	対呪霊	たいじゅれい
ass_pairs	寿命	たましい
ass_pairs	寿郎	じゅろう
ass_pairs	小人	こびと
ass_pairs	小人族	こびとぞく
ass_pairs	小千世界	しょうせんせかい
ass_pairs	小宝粘二	こだからねんじ
ass_pairs	小熊玩具	リトルブラックベアーズ
ass_pairs	就也	しゅうや
ass_pairs	尸魂界	ソウル・ソサエティ
ass_pairs	居眠	いぬむ
ass_pairs	屍誘鳥	ガイゼル
ass_pairs	山の民	サンカ
ass_pairs	山喰	やまぐ
ass_pairs	山村	やまむら
ass_pairs	岩	ロック
ass_pairs	島雲	しまぐも
ass_pairs	嵌合暗翳庭	かんごうあんえいてい
ass_pairs	嵐脚	ランキャク
ass_pairs	工場層	ファビリオフェーズ
ass_pairs	左	レフト
ass_pairs	巨人	ギガント
ass_pairs	巨人咲き	ヒガンテフルール
ass_pairs	布瑠部由良由良	ふるべゆらゆら
ass_pairs	希美	きび
ass_pairs	師匠	せんせい
ass_pairs	師匠面	ししょうづら
ass_pairs	帰	けえ
ass_pairs	常影港	トカゲみなと
ass_pairs	平晴眼	ひらせいがん
ass_pairs	幻影鬼	アインザーム
ass_pairs	幻獣　青龍	げんじゅうせいりゅう
ass_pairs	幾日	いくにち
ass_pairs	幾魂異性体	きこんいせいたい
ass_pairs	座敷童	ざしきわらし
ass_pairs	座頭市	ざとういち
ass_pairs	庭番衆	にわばんしゅう
ass_pairs	康	やす
ass_pairs	廻戦０	かいせんゼロ
ass_pairs	弐斬	にぎ
ass_pairs	弓場	ゆうば
ass_pairs	弥	けんや
ass_pairs	弦	ギブソン
ass_pairs	弱	よえ
ass_pairs	強	つえ
ass_pairs	強豪揃	きょうごうぞろ
ass_pairs	弾む男	バウンドマン
ass_pairs	彩	いろ
ass_pairs	影の領域	シャッテン・ベライヒ
ass_pairs	影騎糸	ブラックナイト
ass_pairs	待	ま
ass_pairs	後	しりえ
ass_pairs	御様御用	おためしごよう
ass_pairs	忌庫	きこ
ass_pairs	忌忌	ゆゆ
ass_pairs	忍	しのび
ass_pairs	忍	ニン
ass_pairs	志拳	しけん
ass_pairs	念波	ねんぱ
ass_pairs	怒	いか
ass_pairs	怒	おこ
ass_pairs	怖	こえ
ass_pairs	思	おも
ass_pairs	思慮深	しりょぶか
ass_pairs	性器	バナナ
ass_pairs	怪物強化	モンスターポイント
ass_pairs	恋次	れんじ
ass_pairs	恐縮	きょうすく
ass_pairs	悠	はるか
ass_pairs	悠仁	ゆうじ
ass_pairs	悪	リリス
ass_pairs	悪行斬破	あくぎょうざんぱ
ass_pairs	悪魔風	ディアブル
ass_pairs	悪魔風脚	ディアブルジャンブ
ass_pairs	愈史郎	ゆしろう
ass_pairs	愛	う
ass_pairs	慈悲深	じひぶか
ass_pairs	憂憂	ういうい
ass_pairs	憎珀天	ぞうはくてん
ass_pairs	憲倫	のりとし
ass_pairs	懸	か
ass_pairs	成	なる
ass_pairs	成岡　亮	なるおかりょう
ass_pairs	戦桃丸	せんとうまる
ass_pairs	戯言	たわごと
ass_pairs	戻	もど
ass_pairs	手刀	しゅとう
ass_pairs	手銃	シュガン
ass_pairs	抑	おさ
ass_pairs	投石	カタパルト
ass_pairs	抜	ぬ
ass_pairs	拍子木	ひょうしぎ
ass_pairs	拳銃脚	レボルベルレッグ
ass_pairs	拳骨	ギャラクシー
ass_pairs	拳骨唐竹割	ギャラクシーディバイド
ass_pairs	持久力	スタミナ
ass_pairs	指銃	シガン
ass_pairs	捜	さが
ass_pairs	捨名	スナ
ass_pairs	掛	か
ass_pairs	採掘場　全滅	さいくつじょうぜんめつ
ass_pairs	控	ひけ
ass_pairs	揃	ぞろ
ass_pairs	描	か
ass_pairs	撃	う
ass_pairs	撓刃	しなりば
ass_pairs	撥体	ばったい
ass_pairs	操術	そうじゅつ
ass_pairs	擬鬼	モドキ
ass_pairs	支	さそ
ass_pairs	改方	かいほう
ass_pairs	改造人間	サイボーグ
ass_pairs	敢	かん
ass_pairs	斧天楽	ふてんらく
ass_pairs	斬	シャーン
ass_pairs	斬月	ざんげつ
ass_pairs	斬魄刀	ざんぱくとう
ass_pairs	新巨兵海賊	きょへいかいぞく
ass_pairs	新栄	しんえい
ass_pairs	新聞王	ビッグニュース
ass_pairs	旗人間	フラッグにんげん
ass_pairs	日売	にちうり
ass_pairs	日影	ひかげ
ass_pairs	日暈	にちうん
ass_pairs	早	はよ
ass_pairs	早駆	はやが
ass_pairs	明	あかり
ass_pairs	明日	みょうにち
ass_pairs	明日姉	あすねえ
ass_pairs	昏乱	こんらん
ass_pairs	星十字騎士団	シュテルンリッター
ass_pairs	星屑王子	テグジュペリ
ass_pairs	星水晶	ラクリマ
ass_pairs	星漿体	せいしょうたい
ass_pairs	映	ば
ass_pairs	映像電伝虫	えいぞうでんでんむし
ass_pairs	春太	はるた
ass_pairs	昼猶闇	ひるなおくら
ass_pairs	時喰	ときは
ass_pairs	時透	ときとう
ass_pairs	景光	ひろみつ
ass_pairs	暴風雨	ストーム
ass_pairs	最上級挽き肉	エクストラアッシ
ass_pairs	最新動画	ラビリアチャンネル
ass_pairs	月の獅子	スーロン
ass_pairs	月夜	つくよ
ass_pairs	有	あり
ass_pairs	木人	ホウコ
ass_pairs	未来島	みらいじま
ass_pairs	本腕	ほんうで
ass_pairs	朱槿	ヂュジン
ass_pairs	朽木　白哉	くちきびゃくや
ass_pairs	朽木隊長	くちきたいちょう
ass_pairs	杏寿郎	きょうじゅろう
ass_pairs	来	け
ass_pairs	杯戸	はいど
ass_pairs	柱合	ちゅうごう
ass_pairs	柱稽古	はしらげいこ
ass_pairs	桂花	グイファ
ass_pairs	桃源十拳	とうげんとつか
ass_pairs	桃花	タオファ
ass_pairs	案内	あない
ass_pairs	桜宇宙	サクラコスモス
ass_pairs	桶	おけ
ass_pairs	棘衾	とげぶすま
ass_pairs	棟	とう
ass_pairs	森学	もりがく
ass_pairs	業火拳銃	レッドロック
ass_pairs	楽巌寺	がくがんじ
ass_pairs	槇寿郎	しんじゅろう
ass_pairs	槍波	やりなみ
ass_pairs	模倣	エアファーゼン
ass_pairs	樹道	じゅどう
ass_pairs	樺倉	かばくら
ass_pairs	機関銃女	ガトリングガール
ass_pairs	櫓流桜	やぐらりゅうおう
ass_pairs	欠片蝙蝠	ブリックバット
ass_pairs	正	シャカ
ass_pairs	正海	まさみ
ass_pairs	武器変貌	ブキモルフォーゼ
ass_pairs	武者震	むしゃぶる
ass_pairs	武脚	ぶきゃく
ass_pairs	武脚跟	ブジャオゲン
ass_pairs	武道僧	モンク
ass_pairs	武頭	ぶとう
ass_pairs	歳	はたち
ass_pairs	死	ち
ass_pairs	死の刀	ステルベン
ass_pairs	死の星屑	デスエンハンブレ
ass_pairs	死拳	デスノック
ass_pairs	残身	ざんしん
ass_pairs	殭尸	キョウシ
ass_pairs	殴	ボン
ass_pairs	殺	と
ass_pairs	殿	どの
ass_pairs	母	か
ass_pairs	毒霧	どくきり
ass_pairs	毛皮強化	ガードポイント
ass_pairs	気遣	きづこ
ass_pairs	水	リームシュトローア
ass_pairs	水先星島	ロードスターとう
ass_pairs	水獄鉢	すいごくばち
ass_pairs	水真剣白刃取	みずしんけんしらはど
ass_pairs	水鏡	シュピーゲル
ass_pairs	氷凝呪法	ひこりじゅほう
ass_pairs	氷拳	アイスグローブ
ass_pairs	汚	きたね
ass_pairs	沓田	くつた
ass_pairs	沖田総司	そうし
ass_pairs	河西	かわにし
ass_pairs	泄法	しゃほう
ass_pairs	泉太	せんた
ass_pairs	注射	インジェクション
ass_pairs	流動防壁	バリアビリティ
ass_pairs	流星	メテオーラ
ass_pairs	流桜	りゅうおう
ass_pairs	浅	われら
ass_pairs	浅野海人	あさのかいと
ass_pairs	海	うなば
ass_pairs	海侠	かいきょう
ass_pairs	海原白波	エバーホワイト
ass_pairs	海底落下	ブルーホール
ass_pairs	海楼石	かいろうせき
ass_pairs	海獣兵器	シービーストウェポン
ass_pairs	海竜花	シーサーペント
ass_pairs	海賊島	かいぞくじま
ass_pairs	海賊狩	かいぞくが
ass_pairs	海雲	うみぐも
ass_pairs	海震	かいしん
ass_pairs	済	わた
ass_pairs	港友	みなとも
ass_pairs	游雲	ゆううん
ass_pairs	満象	ばんしょう
ass_pairs	滅南無川	めなむがわ
ass_pairs	滅却師	クインシー
ass_pairs	滅却師完聖体	クインシー・フォルシュテンディッヒ
ass_pairs	滅却師最終形態	クインシー・レツトシュティール
ass_pairs	滝	たき
ass_pairs	漆	しち
ass_pairs	漏瑚	じょうご
ass_pairs	潜港	モグラみなと
ass_pairs	激涙刺突	げきるいしとつ
ass_pairs	激近	げきちか
ass_pairs	激震	ドラミング
ass_pairs	火前坊	かぜんぼう
ass_pairs	火拳	ひけん
ass_pairs	火拳銃	レッドホーク
ass_pairs	火死人	ドラウグル
ass_pairs	火炎	かえん
ass_pairs	火薬星	かやくぼし
ass_pairs	灰熊	グリズリー
ass_pairs	灼骨炎陽	しゃっこつえんよう
ass_pairs	炎	オーラ
ass_pairs	炎帝	えんてい
ass_pairs	炎舞	えんぶ
ass_pairs	炭八郎	たんぱちろう
ass_pairs	炭治郎	たんじろう
ass_pairs	無問題	モウマンタイ
ass_pairs	無量空処	むりょうくうしょ
ass_pairs	無錐釘	むきりくぎ
ass_pairs	無錐龍	むきりゅう
ass_pairs	無間業樹	むけんごうじゅ
ass_pairs	無頼男	ブラキオ
ass_pairs	焼鬼	やきおに
ass_pairs	煙遁	えんとん
ass_pairs	熊の	ウルスス
ass_pairs	熊の衝撃	ウルススショック
ass_pairs	熟々妖艶	ジュクジュクようえん
ass_pairs	熱	あち
ass_pairs	熱息	ボロブレス
ass_pairs	爆	ドーン
ass_pairs	爆上	ばくあ
ass_pairs	爆発	ボムバ
ass_pairs	爆血刀	ばっけつとう
ass_pairs	父	と
ass_pairs	片翼	かたよく
ass_pairs	牛鬼丸	ぎゅうきまる
ass_pairs	牡丹	ムーダン
ass_pairs	犀回	サイクル
ass_pairs	犀榴弾砲	リノシュナイダー
ass_pairs	狂圧鳴波	きょうあつめいは
ass_pairs	狂鳴雷殺	きょうめいらいさつ
ass_pairs	狙	ねろ
ass_pairs	狛狐	こまぎつね
ass_pairs	猗窩座	あかざ
ass_pairs	猪野	いの
ass_pairs	献	けん
ass_pairs	猿猴捉月	えんこうそくげつ
ass_pairs	猿王	コング
ass_pairs	猿王群鴉砲	コングオルガン
ass_pairs	猿王銃	コングガン
ass_pairs	猿酒	さるざけ
ass_pairs	獄門疆	ごくもんきょう
ass_pairs	獅子	レオ
ass_pairs	獅子歌歌	ししソンソン
ass_pairs	獅子猪	フレッサー
ass_pairs	獣	けだもの
ass_pairs	獬豸	カイチ
ass_pairs	玄弥	げんや
ass_pairs	玉折	ぎょくせつ
ass_pairs	玉犬	ぎょくけん
ass_pairs	玉藻前	たまものまえ
ass_pairs	王下七武海	おうかしちぶかい
ass_pairs	王宮	うえ
ass_pairs	王手飛車	おうてびしゃ
ass_pairs	王直	おうちょく
ass_pairs	珀鉛	はくえん
ass_pairs	珀鉛病	はくえんびょう
ass_pairs	珍	めずら
ass_pairs	現場	げんじょう
ass_pairs	理	ことわり
ass_pairs	理子	りこ
ass_pairs	瑠火	るか
ass_pairs	甘	あめ
ass_pairs	甘風	メロウ
ass_pairs	甚爾	とうじ
ass_pairs	生人形	リヴドール
ass_pairs	生得術式	しょうとくじゅつしき
ass_pairs	生得領域	しょうとくりょういき
ass_pairs	生越倉彦	なまこしくらひこ
ass_pairs	男	お
ass_pairs	番	ごくのばん
ass_pairs	疫災弾	エキサイトだん
ass_pairs	疫災散弾	エキサイトショット
ass_pairs	疱瘡神	ほうそうがみ
ass_pairs	疾病呪霊	しっぺいじゅれい
ass_pairs	病原体	ウイルス
ass_pairs	痛	い
ass_pairs	痛	いて
ass_pairs	登桜	とうろう
ass_pairs	白い	ドーン
ass_pairs	白い銃	ドーンピストル
ass_pairs	白い銃乱打	ドーンガトリング
ass_pairs	白い鞭	ドーンウィップ
ass_pairs	白い風船	ドーンバルーン
ass_pairs	白吉	しろき
ass_pairs	白哉	びゃくや
ass_pairs	白星銃	スターガン
ass_pairs	白猟	はくりょう
ass_pairs	白舞	はくまい
ass_pairs	白雷	はくらい
ass_pairs	白鳥	しらとり
ass_pairs	百八煩悩鳳	ひゃくはちポンドほう
ass_pairs	百斂	びゃくれん
ass_pairs	百花繚乱	シエンフルール
ass_pairs	皆是大阿羅漢	かいぜだいあらかん
ass_pairs	監獄	ザ・ジェイル
ass_pairs	監獄	ジェイル
ass_pairs	直毘人	なおびと
ass_pairs	相	あ
ass_pairs	相撲宇宙人	すもううちゅうじん
ass_pairs	盾白糸	オフホワイト
ass_pairs	真人	まひと
ass_pairs	真骨鳥	しんこっちょう
ass_pairs	眠酔化	みんえいか
ass_pairs	眠霧	ねむぎり
ass_pairs	瞬歩	しゅんぽ
ass_pairs	矢印緑	アロエ
ass_pairs	矢筈斬	やはずぎ
ass_pairs	短	みじけ
ass_pairs	石	いわ
ass_pairs	石押	イシウス
ass_pairs	石隠	いわがく
ass_pairs	砂紋	さもん
ass_pairs	研究層	ラボフェーズ
ass_pairs	砲	おおづつ
ass_pairs	砲	ヴァン
ass_pairs	砲弾	シェル
ass_pairs	破裂人間	パンクにんげん
ass_pairs	破裂弾丸	パンクバーラ
ass_pairs	破裂玉	はれつだま
ass_pairs	破面	アランカル
ass_pairs	硝子	しょうこ
ass_pairs	磁気	パンク
ass_pairs	磁気万力	パンクヴァイス
ass_pairs	礼砲	れいファイア
ass_pairs	祇樹給孤独園	ぎじゅぎっこどくおん
ass_pairs	祈本里香	おりもとりか
ass_pairs	祓	ころ
ass_pairs	祓	や
ass_pairs	神の正義	ピスキエル
ass_pairs	神の歩み	グリマニエル
ass_pairs	神拳	しんけん
ass_pairs	神聖滅矢	ハイリッヒ・プファイル
ass_pairs	神誅殺	ゴッドスレッド
ass_pairs	神避	かむさり
ass_pairs	福神漬	ふくじんづ
ass_pairs	禪院家	ぜんいんけ
ass_pairs	禪院甚爾	ぜんいんとうじ
ass_pairs	禰豆子	ねずこ
ass_pairs	秀吉	しゅうきち
ass_pairs	私	わたし
ass_pairs	稲妻	いなづま
ass_pairs	空	から
ass_pairs	空喜	うろぎ
ass_pairs	空島	そらじま
ass_pairs	空船	そらぶね
ass_pairs	穿血	せんけつ
ass_pairs	突進牛	ブルズ
ass_pairs	突風	ガスト
ass_pairs	竈神	そうしん
ass_pairs	竜爪拳	りゅうそうけん
ass_pairs	竜王	りゅうおう
ass_pairs	童磨	どうま
ass_pairs	笑	わろ
ass_pairs	第５練場	フュンフト・フェルト
ass_pairs	筋線維	きんせんい
ass_pairs	籌	はかりごと
ass_pairs	粗砕	コンカッセ
ass_pairs	粘魚	ねんぎょ
ass_pairs	精鋭揃	せいえいぞろ
ass_pairs	糸	スレッド
ass_pairs	紅鏡竜	こうきょうりゅう
ass_pairs	結田香蔵	ゆいだこうぞう
ass_pairs	絡繰公演	カラクリライブ
ass_pairs	絡繰刀	カラクリとう
ass_pairs	絶滅	ぜつめつ
ass_pairs	継子	つぐこ
ass_pairs	緑星	みどりぼし
ass_pairs	緑牛	りょくギュウ
ass_pairs	縁壱零式	よりいちぜろしき
ass_pairs	縛道	ばくどう
ass_pairs	罵詈雑言	ばりぞうごん
ass_pairs	羅刹町	らせつちょう
ass_pairs	羅生門河岸	らしょうもんがし
ass_pairs	羊肉	ムートン
ass_pairs	美	み
ass_pairs	美剣　円卓	びけんラウンドテーブル
ass_pairs	群雨	むらさめ
ass_pairs	義兄	にい
ass_pairs	義理堅	ぎりがた
ass_pairs	羽撃	フラップ
ass_pairs	翔馬	しょうま
ass_pairs	耀哉	かがや
ass_pairs	老化衝撃	オイルショック
ass_pairs	者	もん
ass_pairs	聖兵	ゾルダート
ass_pairs	聖別	アウスヴェーレン
ass_pairs	聖唱	キルヒエンリート
ass_pairs	聖域礼賛	ザンクト・ツヴィンガー
ass_pairs	聖杖	せいじょう
ass_pairs	聖隷	スクラヴェライ
ass_pairs	肆	し
ass_pairs	肆	よん
ass_pairs	肩肉	エポール
ass_pairs	育手	そだて
ass_pairs	胸圍	きょうい
ass_pairs	能力者狩	のうりょくしゃが
ass_pairs	脚場咲き	ピエルナフルール
ass_pairs	脱兎	ラビット
ass_pairs	脳筋	のうきん
ass_pairs	脹相	ちょうそう
ass_pairs	腐	ぐさ
ass_pairs	腕	うで
ass_pairs	腹減	はらへ
ass_pairs	腹立	はらた
ass_pairs	腹肉	フランシェ
ass_pairs	臆病者	おくびょうもん
ass_pairs	臨死体験	エヌディーイー
ass_pairs	自尊心	それ
ass_pairs	自閉円頓裹	じへいえんどんか
ass_pairs	臭	くせ
ass_pairs	臭跡	しゅうせき
ass_pairs	興味深	きょうみぶか
ass_pairs	舞踏石	チャールストン
ass_pairs	航	わたる
ass_pairs	船底	シップボトム
ass_pairs	艦	ふね
ass_pairs	花御	はなみ
ass_pairs	芳香脚	パフュームフェムル
ass_pairs	芻霊呪法	すうれいじゅほう
ass_pairs	苗子	なえこ
ass_pairs	若	わけ
ass_pairs	若月狩	みかづきが
ass_pairs	若猿	わかざる
ass_pairs	苦悶の環	クヴァール・クライス
ass_pairs	英雄の槍	グングニル
ass_pairs	茈	むらさき
ass_pairs	荊壁	イバリア
ass_pairs	荊狩	イバラッシュ
ass_pairs	荒波白糸	ブレイクホワイト
ass_pairs	荒浪白糸	ブレイクホワイト
ass_pairs	菅田	すだ
ass_pairs	菊花	ジュファ
ass_pairs	萩原千速	はぎわらちはや
ass_pairs	葵枝	きえ
ass_pairs	蒸気	スチーム
ass_pairs	蒼月草	そうげつそう
ass_pairs	蒼火墜	そうかつい
ass_pairs	蓑虫星	バグワーム
ass_pairs	蕩蘊平線	たううんへいせん
ass_pairs	薨星宮	こうせいぐう
ass_pairs	藁人形	ストローマン
ass_pairs	藁備手刀	ワラビデとう
ass_pairs	藤虎）状況	ふじトラじょうきょう
ass_pairs	虎三郎	とらさぶろう
ass_pairs	虎杖悠仁	いたどりゆうじ
ass_pairs	虚	から
ass_pairs	虚	ホロウ
ass_pairs	虚	メノス
ass_pairs	虚化	ホロウか
ass_pairs	虚圏	ウェコムンド
ass_pairs	虜の矢	スレイブアロー
ass_pairs	虹航日和	こうこうびより
ass_pairs	虹龍	こうりゅう
ass_pairs	蛇の剣	ウィーペラグレイブ
ass_pairs	蛇回転	ジャイロ
ass_pairs	蛇尾丸	ざびまる
ass_pairs	蛸石	プルポストン
ass_pairs	蜃気楼	ミラージュ
ass_pairs	蜘蛛の華	スパイダーネット
ass_pairs	蜜璃	みつり
ass_pairs	蜜蜂兵	スティングモル
ass_pairs	蝕爛腐術	しょくらんふじゅつ
ass_pairs	融合炉	パワープラント
ass_pairs	融通	ゆうづう
ass_pairs	蠅頭	ようとう
ass_pairs	血を操る魔法	バルテーリエ
ass_pairs	血刃	けつじん
ass_pairs	血塗	けちず
ass_pairs	血文字	ちもじ
ass_pairs	血星磊	けっせいせき
ass_pairs	血装	ブルート
ass_pairs	血鎌	ちがま
ass_pairs	血鬼術	けっきじゅつ
ass_pairs	衆所知識	しゅしょちしき
ass_pairs	衝撃	インパクト
ass_pairs	衝撃	ショック
ass_pairs	衝突	インパクト
ass_pairs	裂	さ
ass_pairs	裂	ざ
ass_pairs	複製体	そいつ
ass_pairs	複製体	わたし
ass_pairs	褒誉	ほうよ
ass_pairs	西沢袋	にしさわぶくろ
ass_pairs	覇	オーバー
ass_pairs	覇王色	はおうしょく
ass_pairs	見えざる帝国	ヴァンデンライヒ
ass_pairs	解除	ヒラリリース
ass_pairs	試	ためし
ass_pairs	調整者	バランサー
ass_pairs	諸葛亮　孔明	しょかつりょうこうめい
ass_pairs	謀反者	むほんもの
ass_pairs	護廷十三隊	ごていじゅうさんたい
ass_pairs	谷近	やこん
ass_pairs	象	エレファント
ass_pairs	象の鼻息	エレファントハックション
ass_pairs	象主	ズニーシャ
ass_pairs	象銃	エレファントガン
ass_pairs	象銃乱打	エレファントガトリング
ass_pairs	貴方自身	ジ・ユアセルフ
ass_pairs	賞金狩	しょうきんが
ass_pairs	赤い港	レッドポート
ass_pairs	赤血操術	せっけつそうじゅつ
ass_pairs	赤鞘九人男	あかざやくにんおとこ
ass_pairs	赫刀	かくとう
ass_pairs	赫鱗躍動	せきりんやくどう
ass_pairs	超体重人間	スーパーウエイトにんげん
ass_pairs	超必死	ちょうひっし
ass_pairs	超過鞭糸	オーバーヒート
ass_pairs	超高濃度ＤＸ炭酸	ちょうこうのうどデラックスたんさん
ass_pairs	足剃糸	アスリイト
ass_pairs	足空独行	アシガラドッコイ
ass_pairs	跋弧跳梁	ばっこちょうりょう
ass_pairs	跡死突	としつ
ass_pairs	跳人	ホッパー
ass_pairs	踊	おど
ass_pairs	軽尾	かるお
ass_pairs	載	サイ
ass_pairs	辛	かれ
ass_pairs	辛抱強	しんぼうづよ
ass_pairs	込	こ
ass_pairs	迷宮	ダンジョン
ass_pairs	追尾弾	ピジョン
ass_pairs	逆三日月	さかさみかづき
ass_pairs	通常時	つうじょうじ
ass_pairs	速	はえ
ass_pairs	遅	おせ
ass_pairs	運	めぐ
ass_pairs	遍殺即霊体	へんせつそくれいたい
ass_pairs	過呪怨霊	かじゅおんりょう
ass_pairs	道士	われら
ass_pairs	道士	われわれ
ass_pairs	違	ちが
ass_pairs	違	ちげ
ass_pairs	違	ちご
ass_pairs	遠当	とおあて
ass_pairs	遠距離蓑虫星	えんきょりバグワーム
ass_pairs	邪含草	じゃがんそう
ass_pairs	酒天丸	しゅてんまる
ass_pairs	酒豪炉火	シュゴーロップ
ass_pairs	酒鉄鉱	きてつこう
ass_pairs	酷	こく
ass_pairs	重力刀	ぐらびとう
ass_pairs	重量	ヘビー
ass_pairs	重量強化	ヘビーポイント
ass_pairs	重面	しげも
ass_pairs	金獅子	きんじし
ass_pairs	金色神楽	こんじきかぐら
ass_pairs	鈴後	りんご
ass_pairs	鉄人	サイボーグ
ass_pairs	鉄人野郎	サイボーグやろう
ass_pairs	鉄地河原	てっちかわはら
ass_pairs	鉄珍	てっちん
ass_pairs	鉄雷	ラグニル
ass_pairs	鉢合	はちあ
ass_pairs	銀斧	ぎんぶ
ass_pairs	銃	ガン
ass_pairs	銃	ジェットピストル
ass_pairs	銃	ピストル
ass_pairs	銃	マグナム
ass_pairs	銃乱打	ガトリング
ass_pairs	銃乱打	ジェットガトリング
ass_pairs	銃弾	ブレット
ass_pairs	銘	めい
ass_pairs	鋼鐵塚	はがねづか
ass_pairs	錐釘	きりくぎ
ass_pairs	錐頭	きりあたま
ass_pairs	錐龍	きりゅう
ass_pairs	錐龍錐釘	きりゅうきりくぎ
ass_pairs	鍛人	かぬち
ass_pairs	鎌異断	かまいたち
ass_pairs	鎖結	さけつ
ass_pairs	鎹鴉	かすがいがらす
ass_pairs	長	なげ
ass_pairs	長鼻	ながはな
ass_pairs	閃	ひらめき
ass_pairs	閃花	せんか
ass_pairs	開	フーガ
ass_pairs	間違	まちげ
ass_pairs	闘	や
ass_pairs	闘牛	コリーダ
ass_pairs	阿笠	あがさ
ass_pairs	陀艮	だごん
ass_pairs	降無頼糸	フルブライト
ass_pairs	陛下ｶﾗﾉ情報	ダーテン
ass_pairs	陰流	かげりゅう
ass_pairs	陸	ろく
ass_pairs	陸軍旗	アーミーバンテラ
ass_pairs	陽華突	ようかとつ
ass_pairs	階段	ステアーズ
ass_pairs	隔	スキールダ
ass_pairs	隕	いん
ass_pairs	隕鉄鳥	シュティレ
ass_pairs	隠	カクシ
ass_pairs	雌鴉	めすがらす
ass_pairs	雛鶴	ひなつる
ass_pairs	雷の破壊剣	トゥルエノバスタード
ass_pairs	雷刃	らいじん
ass_pairs	雷将	トール
ass_pairs	雷礫	いかりつぶて
ass_pairs	雷竜	ニーズホッグ
ass_pairs	電光鮫	サンダーシャーク
ass_pairs	電磁砲	ダムドパンク
ass_pairs	霞散	かさん
ass_pairs	霞柱	かすみばしら
ass_pairs	霞消	かしょう
ass_pairs	霞雲	かうん
ass_pairs	霧舟	スヴァル
ass_pairs	青	ブルー
ass_pairs	青海陽	あおみはる
ass_pairs	青玉鱗	せいぎょくりん
ass_pairs	静血装	ブルート・ヴェーネ
ass_pairs	非時香実	トキジクノカグノミ
ass_pairs	面倒事	めんどうごと
ass_pairs	面白	おもしれ
ass_pairs	革命舞曲	ガボット
ass_pairs	鞭	ウィップ
ass_pairs	鞭	ジェットウィップ
ass_pairs	音柱	おとばしら
ass_pairs	音沙汰	おとさた
ass_pairs	音越	おとごえ
ass_pairs	音魂の爆発	ロックンロールブラスター
ass_pairs	響斬無間	きょうざんむけん
ass_pairs	頑張	がんば
ass_pairs	頬	ほほ
ass_pairs	頭	ガラヴァ
ass_pairs	頭山	あたまやま
ass_pairs	頭山盗賊	あたまやまとうぞく
ass_pairs	頭山盗賊団	あたまやまとうぞくだん
ass_pairs	風刃	ふうじん
ass_pairs	風柱	かぜばしら
ass_pairs	飛徹	ひてつ
ass_pairs	飛燕曲	スワロー
ass_pairs	首長竜	くびながりゅう
ass_pairs	首領	ドン
ass_pairs	馬	うまっ
ass_pairs	馬鬼	バキ
ass_pairs	駐屯所	ちゅうとんじょ
ass_pairs	騎士	ナイト
ass_pairs	體重	たいじゅう
ass_pairs	高	たけ
ass_pairs	高明	たかあき
ass_pairs	高級仕立	オートクチュール
ass_pairs	高速で移動する魔法	ジルヴェーア
ass_pairs	鬼尸解	きしかい
ass_pairs	鬼徹	きてつ
ass_pairs	鬼抹	きまつ
ass_pairs	鬼斬	おにぎ
ass_pairs	鬼殺	きさつ
ass_pairs	鬼童捺房	きどうなつふさ
ass_pairs	鬼雨	きう
ass_pairs	魂	ソウル
ass_pairs	魂	テャマスィー
ass_pairs	魂の喪剣	ソウルソリッド
ass_pairs	魂の眠る地	オレオール
ass_pairs	魄睡	はくすい
ass_pairs	魔の三角地帯	フロリアントライアングル
ass_pairs	魔王四煌星	まおうしこうせい
ass_pairs	魔神風脚	イフリートジャンブ
ass_pairs	魚巨人	ウォータン
ass_pairs	魚殺	ぎょさつ
ass_pairs	鮫切包丁	さめきりぼうちょう
ass_pairs	鱗滝	うろこだき
ass_pairs	鳥矢町	とりやちょう
ass_pairs	鳴	なら
ass_pairs	鳴弦奏々	めいげんそうそう
ass_pairs	鷲	イーグル
ass_pairs	鷹斧	ホークアックス
ass_pairs	鷹波	たかなみ
ass_pairs	鷹銃乱打	ホークガトリング
ass_pairs	鷹銃弾	ホークブレット
ass_pairs	鷹鞭	ホークウィップ
ass_pairs	鹿戸	しかど
ass_pairs	麒麟	キリ
ass_pairs	麻未	まみ
ass_pairs	黄猿	きざる
ass_pairs	黒い蛇群	ブラックマンバ
ass_pairs	黒刀	こくとう
ass_pairs	黒崎　一護	くろさきいちご
ass_pairs	黒死牟	こくしぼう
ass_pairs	黒炭	くろずみ
ass_pairs	黒縄・大竜巻	こくじょうおおたつまき
ass_pairs	黒腔	ガルガンタ
ass_pairs	黒足	くろあし
ass_pairs	黒閃	こくせん
ass_pairs	黒鳥操術	こくちょうそうじゅつ
ass_pairs	黙	だま
ass_pairs	鼻銃	ビガン
ass_pairs	龍巻	たつま
ass_pairs	龍矢	たつや
ass_pairs	＄箱天国	ドルばこてんごく
ass_pairs	１回	いっかい
ass_pairs	１星	ワンスター
ass_pairs	１杯	ぱい
ass_pairs	１階	いっかい
ass_pairs	２	ふた
ass_pairs	２級呪霊	じゅれい
ass_pairs	５	サンク
ass_pairs	５星	ファイブスター
ass_pairs	５星狩	ファイブスターが
ass_pairs	６６	ダブルシックス
ass_pairs	Ａ・Ｏ	アーオー
ass_pairs	ＡＩＧＩＳ	イージス
ass_pairs	ＡＬＩＶＥ	アライブ
ass_pairs	ＢＡＬＬ	ボール
ass_pairs	ＢＯＸＩＮＧ	ボクシング
ass_pairs	Ｂｕｎｋａｍｕｒａ	ブンカムラ
ass_pairs	ＣＰ	サイファーポール
ass_pairs	ＣＰ	サイファーポール
ass_pairs	ＣＰ	サイファーポール
ass_pairs	ＣＰ－ＡＩＧＩＳ	サイファーポールイージス
ass_pairs	ＣＰ－ＡＩＧＩＳ　０	サイファーポールイージスゼロ
ass_pairs	ＣＰ０	サイファーポールゼロ
ass_pairs	ＤＯＭ	ドム
ass_pairs	Ｄｒ．	ドクター
ass_pairs	ＦＵＮＫ	ファンク
ass_pairs	ＧＡ	ガ
ass_pairs	ＧＥ	ゲ
ass_pairs	ＧＩ	ギ
ass_pairs	ＧＯ	ゴ
ass_pairs	ＧＯＤ	ゴッド
ass_pairs	ＧＵ	グ
ass_pairs	ＧＵＮ	グン
ass_pairs	ＪＥＴ	ジェット
ass_pairs	Ｊｒ．	ジュニア
ass_pairs	ＫＯＲＯ	コロ
ass_pairs	ＬＥＶＥＬ６	レベルシックス
ass_pairs	ＬＩＮＥ	ライン
ass_pairs	ＭＭＡ	ムーマ
ass_pairs	Ｍｒ．	ミスター
ass_pairs	ＮＥＷ	ニュー
ass_pairs	ＯＮＥ　ＰＩＥＣＥ	ワンピース
ass_pairs	ＯＮＬＹ	オンリー
ass_pairs	ＰＵＮＫ	パンク
ass_pairs	Ｑ太郎	キューたろう
ass_pairs	Ｒ脱兎	レアラビット
ass_pairs	ＲＯＭＡＮＣＥ　ＤＡＷＮ	ロマンスドーン
ass_pairs	ＲＯＯＭ	ルーム
ass_pairs	ＳＨＯＷ	ショー
ass_pairs	ＳＭＩＬＥ	スマイル
ass_pairs	ＳＲ脱兎	スーパーレアラビット
ass_pairs	ＳＷＯＲＤ	ソード
ass_pairs	ＴＥＬ	テル
ass_pairs	ＵＦＯ	ユーフォー
ass_pairs	ＵＭＡ	ユーマ
ass_pairs	ＶＳ	バーサス
ass_pairs	ＷＯＲＬＤ	ワールド
ass_pairs	Ｘ	ディエス
ass_pairs	ＸＸＸ	トリプルエックス
ass_pairs	ＹＯ	ヨー
ass_pairs	ｆｏｏｔ	フット
ass_pairs	ｔ	トン
